iso2,GEOLEVEL2,rwi_weight,geolev2,rwi,country,pop_sum
BJ,204001001,-0.26514155078432183,204001001,-0.9237307485452052,Benin,269489.92219445953
BJ,204001002,-0.33387981186604954,204001002,-0.7293131372751454,Benin,125534.98416817022
BJ,204001003,-0.1506656020768673,204001003,-0.603521879325621,Benin,204717.26077473912
BJ,204001004,-0.3700501289632237,204001004,-1.023065151915563,Benin,89191.87153446984
BJ,204001005,-0.12076224768312444,204001005,-0.643904738429873,Benin,180093.33630111135
BJ,204001006,-0.3224190077177168,204001006,-1.1097726498346616,Benin,98203.60408726046
BJ,204002001,-0.32534780433557603,204002001,-1.023065151915563,Benin,88366.70368015012
BJ,204002002,-0.31937261470762784,204002002,-0.7732174399780064,Benin,65296.95631067784
BJ,204002003,-0.2816474880164851,204002003,-1.0949000785867962,Benin,106253.2658000759
BJ,204002004,-0.33248811114197463,204002004,-0.9871895511899276,Benin,122802.304372551
BJ,204002005,-0.2501194973050646,204002005,-0.9237307485452052,Benin,131277.55083830882
BJ,204002006,0.1407540660574597,204002006,-0.21052209798636992,Benin,111706.56809785806
BJ,204002007,-0.2395685183374702,204002007,-0.9237307485452052,Benin,84025.14057127188
BJ,204002008,-0.10990514429824014,204002008,-0.9237307485452052,Benin,90625.38979812585
BJ,204002009,-0.2686661193401032,204002009,-1.080027507338931,Benin,106421.89290468478
BJ,204003001,0.7690182173767823,204003001,1.0452727709747396,Benin,744817.040320727
BJ,204003002,0.008121226242313966,204003002,-0.5221976636198327,Benin,136917.4363400851
BJ,204003003,0.022103734656057573,204003003,-0.4801430347507671,Benin,82032.95585364541
BJ,204003004,0.4103733044535986,204003004,0.7431622464538281,Benin,204278.31914701164
BJ,204003005,-0.2966730479611534,204003005,-0.21052209798636992,Benin,23402.988599953365
BJ,204003006,-0.06433219068430987,204003006,-0.5197821917882003,Benin,61194.911344465225
BJ,204003007,-0.210515855560146,204003007,-0.7293131372751454,Benin,40878.288488731145
BJ,204003008,-0.19128854029942274,204003008,-0.7653415132505991,Benin,106598.19979080949
BJ,204004001,-0.22095327225164302,204004001,-0.7293131372751454,Benin,143220.00809373942
BJ,204004002,-0.3428693130090958,204004002,-1.0563096351965109,Benin,196587.47883319957
BJ,204004003,-0.10659591668100381,204004003,-0.7708733320125051,Benin,125397.85834078143
BJ,204004004,-0.19488573814004118,204004004,-0.9171276422435852,Benin,163965.80710296117
BJ,204004005,0.6860570914260133,204004005,1.2073093038280025,Benin,283404.6347883944
BJ,204004006,-0.21992144711531866,204004006,-1.0397107408883193,Benin,84091.40430787913
BJ,204004007,-0.10409873488642907,204004007,-0.7293131372751454,Benin,97342.533092454
BJ,204004008,-0.22796325203624215,204004008,-0.7776586057029827,Benin,252749.0460168706
BJ,204005001,0.057080007752395856,204005001,-0.4910255308636239,Benin,119507.1861570215
BJ,204005002,0.11979440197376472,204005002,-0.5696659640430128,Benin,120268.54860309456
BJ,204005003,0.01997303794248904,204005003,-0.4752885598970707,Benin,127941.31310529269
BJ,204005004,-0.17848536317013514,204005004,-0.6019467784563126,Benin,155413.50417432777
BJ,204005005,-0.01224863556277112,204005005,-0.4801430347507671,Benin,143772.73857777944
BJ,204005006,0.0424107144322455,204005006,-0.3204958615186346,Benin,94744.35923524419
BJ,204006001,0.17583107752618848,204006001,-0.574520438896709,Benin,157424.42872840154
BJ,204006002,-0.23472060419657415,204006002,-0.8236905414210872,Benin,163137.5591734956
BJ,204006003,-0.09031247626721602,204006003,-0.7040229766175334,Benin,105845.75685761312
BJ,204006004,-0.24815714352260962,204006004,-0.7337236826783143,Benin,114030.53566390759
BJ,204006005,-0.19906807827081793,204006005,-0.9873187397474462,Benin,134399.89819304846
BJ,204006006,-0.18313904792626626,204006006,-0.9171276422435852,Benin,105364.52127147888
BJ,204007001,-0.09036061174642128,204007001,-0.643904738429873,Benin,160175.11674941625
BJ,204007002,-0.24343854791626504,204007002,-0.7578895795081575,Benin,68801.23644742342
BJ,204007003,-0.08416653028746683,204007003,-0.41741414224741946,Benin,280616.6927179583
BJ,204007004,0.01997288068738572,204007004,-0.5738428294835308,Benin,98451.5392149363
BJ,204008001,1.1438130045553123,204008001,1.4188772290659628,Benin,809809.9507533872
BJ,204009001,-0.13784523800726353,204009001,-0.8941328835127774,Benin,66920.84022348543
BJ,204009002,-0.009136750474305932,204009002,-0.999544638997248,Benin,96691.23601119537
BJ,204009003,0.37357479670165666,204009003,0.3024107882286706,Benin,81943.2705145926
BJ,204009004,0.30397810142644194,204009004,-0.2805560632512735,Benin,57929.66616876367
BJ,204009005,0.0753700962485769,204009005,-0.7293131372751454,Benin,105001.31149314213
BJ,204009006,0.2963720852845516,204009006,-0.38136585374034937,Benin,122011.83728269926
BJ,204010001,0.5786547365158359,204010001,0.390385592372464,Benin,139086.78171654636
BJ,204010002,-0.11158248132272683,204010002,-0.6422916683491207,Benin,72527.59103918895
BJ,204010003,0.16667322318095196,204010003,-0.35339154628323466,Benin,18203.55054434769
BJ,204010004,0.5191612278543029,204010004,-0.12511369914109746,Benin,102364.34473993593
BJ,204010005,0.4427444539996277,204010005,-0.26516607990097163,Benin,109373.63037207538
BJ,204010006,-0.15943881015961817,204010006,-0.6423652904329339,Benin,42227.702277961005
BJ,204010007,-0.0310207419147242,204010007,-0.7293131372751454,Benin,105295.6451760675
BJ,204010008,1.116892425931214,204010008,1.2595864776708932,Benin,283426.13188378647
BJ,204010009,0.8092351513444327,204010009,0.7349557331667114,Benin,312308.217403477
BJ,204011001,-0.09083910618606635,204011001,-0.7463432214249099,Benin,133042.24883385183
BJ,204011002,0.13322386721029386,204011002,-0.3178247488793561,Benin,146740.2685372825
BJ,204011003,0.23005026524314268,204011003,-0.5696659640430128,Benin,155362.63778012255
BJ,204011004,0.14026117481057399,204011004,-0.3801790249651524,Benin,133975.00974930305
BJ,204011005,-0.2546029210377477,204011005,-0.33620468424075184,Benin,118048.05698188856
BJ,204012001,0.6669414176714931,204012001,0.7768759066028199,Benin,87277.35724489874
BJ,204012002,-0.09877436135993603,204012002,-0.7293131372751454,Benin,78362.51277712475
BJ,204012003,0.6606749864410951,204012003,0.7594907519295354,Benin,197201.5987543812
BJ,204012004,0.4570039367628594,204012004,0.4699118836600778,Benin,55072.09857991702
BJ,204012005,-0.24469303677843798,204012005,-0.79433691873826,Benin,132183.63102383728
BJ,204012006,-0.14065492367422108,204012006,-0.9186457065203332,Benin,62338.18484133617
BJ,204012007,0.008377549668614885,204012007,-0.7293131372751454,Benin,74147.62550302075
BJ,204012008,-0.07459622203247376,204012008,-0.9237307485452052,Benin,140955.44010043284
BJ,204012009,0.014201831948649157,204012009,-0.9257783974716004,Benin,97370.96618709134
DO,214001001,1.0558669197513797,214001001,0.682067336821141,Dominican Republic,3825915.744498982
DO,214002001,0.41426555988054004,214002001,-0.7308882980333735,Dominican Republic,228133.62807651772
DO,214003001,0.30093480177992615,214003001,-0.9143119441074912,Dominican Republic,60500.180942527746
DO,214003002,0.29447924597694575,214003002,-0.7953449143407667,Dominican Republic,66495.93693235121
DO,214003003,0.1768600186277893,214003003,-0.9697838473850536,Dominican Republic,24148.2150579129
DO,214003004,0.5206879126215339,214003004,-0.6071379289737082,Dominican Republic,118434.45280999078
DO,214003005,0.30662906363420955,214003005,-0.8445897217394394,Dominican Republic,32996.598762578426
DO,214003006,-0.01844289261300773,214003006,-1.207146509696804,Dominican Republic,34767.17053293225
DO,214003007,0.48987758415341365,214003007,-0.9697838473850536,Dominican Republic,28670.02345238031
DO,214005001,0.16545778877301967,214005001,-0.8420274992447679,Dominican Republic,74249.74361371275
DO,214006001,0.5360562201093299,214006001,-0.08506671866107135,Dominican Republic,223294.90447373854
DO,214006002,0.2850220862718497,214006002,-0.9697202673453515,Dominican Republic,57411.69364997035
DO,214006003,0.33147805765883154,214006003,-0.9143119441074912,Dominican Republic,38700.48765800855
DO,214007001,-0.08578254507070035,214007001,-1.2940947912364686,Dominican Republic,61862.62496551099
DO,214008001,0.014400229331957155,214008001,-1.1549834550215683,Dominican Republic,67380.2029545443
DO,214008002,-0.08677886711797213,214008002,-0.7591696907668442,Dominican Republic,14456.421845787892
DO,214008003,-0.2041729558137861,214008003,-0.6449093451807596,Dominican Republic,70696.0261627973
DO,214008004,0.30984127136916123,214008004,-0.7693919847304033,Dominican Republic,21187.246051600705
DO,214009001,0.6036553257118752,214009001,-0.1916259553211723,Dominican Republic,219097.37181427306
DO,214009003,0.43696518290106523,214009003,-0.6728768298902904,Dominican Republic,46303.659431768014
DO,214011001,0.5027228253798164,214011001,-0.2272339403914185,Dominican Republic,335766.8635036033
DO,214011002,0.4124626188376688,214011002,-1.0124761137085856,Dominican Republic,32668.330706616875
DO,214011003,0.8118255489802897,214011003,0.06168046762056908,Dominican Republic,261729.00773514315
DO,214013001,0.5099239938442095,214013001,-0.25518046555736545,Dominican Republic,309680.65696644137
DO,214013002,0.3980106654616525,214013002,-0.34365771711430826,Dominican Republic,68319.67275449743
DO,214013003,0.42730963258059107,214013003,-0.08048675410977804,Dominican Republic,57046.987915641614
DO,214013004,0.5731765228098887,214013004,0.06168046762056908,Dominican Republic,173842.1916047256
DO,214014001,0.3209832237736643,214014001,-0.6620037491112939,Dominican Republic,110123.45188357093
DO,214014002,0.16126170504635653,214014002,-0.45082312861992796,Dominican Republic,41374.82476470599
DO,214015001,0.1880254441489389,214015001,-0.9006098940698416,Dominican Republic,45089.97638005197
DO,214015002,0.221249976229202,214015002,-1.0124761137085856,Dominican Republic,83575.24251820458
DO,214016001,0.16458788545615546,214016001,-1.0000289578365915,Dominican Republic,54676.922182316004
DO,214017001,0.5741434036954208,214017001,-0.23251851590291395,Dominican Republic,182538.369760297
DO,214017002,0.6151221260759184,214017002,-0.21246600247024613,Dominican Republic,37888.65317953548
DO,214017003,0.30319630824720667,214017003,-0.8432356277480739,Dominican Republic,60386.68496950264
DO,214018001,0.6341488876526662,214018001,0.06168046762056908,Dominican Republic,229143.06717820058
DO,214018002,0.06225585989755038,214018002,-1.0008813646238317,Dominican Republic,23466.30800946051
DO,214018003,0.2599318112640534,214018003,-0.8178785063944991,Dominican Republic,21286.745631894973
DO,214018004,0.13455636193807283,214018004,-0.8744045379189418,Dominican Republic,46579.48433363802
DO,214018005,0.5565450099928787,214018005,0.1073340159618405,Dominican Republic,42187.99298227453
DO,214018006,0.8874758058949064,214018006,0.4714531802029314,Dominican Republic,775705.9516410462
DO,214018007,0.671128910413614,214018007,-0.2846575527167544,Dominican Republic,38567.846119023045
DO,214018009,0.6734789394966559,214018009,0.21371222941370507,Dominican Republic,22827.43708158937
DO,214018010,-0.06554143295102703,214018010,-0.6028548904130638,Dominican Republic,57023.615879579804
DO,214018011,0.5675017312907514,214018011,-0.3194387374979053,Dominican Republic,43674.79556186841
DO,214019001,0.5581800268957928,214019001,-0.6455471567365958,Dominican Republic,89381.74778195884
DO,214020001,0.3541958266280595,214020001,-0.5749498841310585,Dominican Republic,96202.09031749131
DO,214021001,0.5614646155679676,214021001,-0.1916259553211723,Dominican Republic,322782.8082155491
DO,214021003,0.9382201614183605,214021003,0.06168046762056908,Dominican Republic,119739.89896222283
DO,214021004,0.4247651322522501,214021004,-0.6661380933712618,Dominican Republic,86811.13016453503
DO,214021005,0.45578527017224785,214021005,-0.6473034711281,Dominican Republic,63815.9189897021
DO,214021006,0.22490332933178808,214021006,-1.0395471913008514,Dominican Republic,97078.22267193612
DO,214021007,0.04607238276198237,214021007,-0.9983002111055662,Dominican Republic,30896.89200137904
DO,214021008,0.05432455508968274,214021008,-1.2606722020476149,Dominican Republic,78810.33499775603
DO,214022001,0.28256038466928823,214022001,-0.6935374121441955,Dominican Republic,154491.80488424198
DO,214022002,0.06852160476442355,214022002,-1.1645078755017215,Dominican Republic,31999.5631553789
DO,214022003,-0.06371891910277586,214022003,-0.9143119441074912,Dominican Republic,45804.34317301785
DO,214023001,0.7420981106427008,214023001,-0.1087681468432486,Dominican Republic,284565.4963690718
DO,214023002,0.24206797491369755,214023002,-1.001038762224957,Dominican Republic,45089.481982402016
DO,214024001,0.22009617877792312,214024001,-0.6473316881463236,Dominican Republic,130931.87748192318
DO,214024003,0.23352722675418766,214024003,-0.5658290474441925,Dominican Republic,23279.370155953424
DO,214026001,0.028391273609471475,214026001,-0.6899957374516318,Dominican Republic,56552.45263992262
DO,214027001,0.7429100859977074,214027001,-0.6899957374516318,Dominican Republic,89834.83924368449
DO,214027002,0.5846725849026342,214027002,-0.7311890253657827,Dominican Republic,74920.47425231313
DO,214027003,0.34759117236402526,214027003,-0.9697838473850536,Dominican Republic,32578.282243308568
HN,340001001,0.8369355976338856,340001001,0.9984851617677166,Honduras,221773.8477032947
HN,340001002,0.39731277842834234,340001002,0.2283245808773809,Honduras,120082.22787066326
HN,340001003,0.2305854726496672,340001003,-0.1849737270399529,Honduras,42229.366915972685
HN,340001005,0.31449585766568366,340001005,0.2914758571494992,Honduras,33945.963260266704
HN,340002001,0.11901136641162594,340002001,-0.5449346491167683,Honduras,136070.78717362805
HN,340002002,0.46447844767312124,340002002,-0.2017653121746016,Honduras,65544.2966214758
HN,340002003,0.5294707143383542,340002003,0.279961063527966,Honduras,88038.94516298467
HN,340003001,0.5618043124184297,340003001,-0.09447666494971324,Honduras,159679.79441003615
HN,340003002,0.5043603221668123,340003002,-0.16278236729805468,Honduras,127954.1771419749
HN,340003003,-0.049041049461035456,340003003,-0.8704190563237781,Honduras,63357.409584084715
HN,340003004,-0.18803708315378606,340003004,-0.9545021685313034,Honduras,54700.49748952423
HN,340003005,-0.19363655735660174,340003005,-0.9701413118686356,Honduras,45177.04866666091
HN,340003006,0.25865467491273275,340003006,-0.5682542255546588,Honduras,35961.89803541184
HN,340004001,0.31480027981347264,340004001,-0.2427214279839444,Honduras,80768.52545823323
HN,340004002,-0.05841431792503611,340004002,-0.7860498183552451,Honduras,59298.99863086411
HN,340004003,0.07605296345936872,340004003,-0.9885315457055724,Honduras,56724.6659503831
HN,340004004,0.03682424689444326,340004004,-0.8660587003211787,Honduras,40477.31670209695
HN,340004005,0.48331677279859714,340004005,-0.1887505578448157,Honduras,41902.69630309126
HN,340004006,0.1086275390308243,340004006,-0.6433772880383161,Honduras,42724.00703115576
HN,340004007,0.004438076408244458,340004007,-1.0136721730082014,Honduras,32845.034419310665
HN,340004008,0.10708149257668918,340004008,-0.983907965515178,Honduras,27768.83295670127
HN,340005001,0.8927427485153167,340005001,1.1844998060298888,Honduras,817848.1186601543
HN,340005002,0.7309873232234797,340005002,0.8423594124965395,Honduras,235474.04428720888
HN,340005003,0.6996351613361056,340005003,0.7310088277015767,Honduras,113178.20472988902
HN,340005004,0.7043714934060428,340005004,0.6539416775925421,Honduras,141639.43860337939
HN,340005005,0.2951263052484567,340005005,0.159925424961253,Honduras,73986.3014933688
HN,340005006,0.18463416381795827,340005006,-0.24709330122944664,Honduras,42921.157560438
HN,340005008,0.5345787968396987,340005008,0.6462562118170956,Honduras,53214.51490102281
HN,340005009,0.5432932737271596,340005009,0.3071040027963569,Honduras,35671.51491955928
HN,340006001,0.40329097612060416,340006001,-0.5291121407983098,Honduras,158953.63408391143
HN,340006002,0.15077006557488817,340006002,-0.6659426729914593,Honduras,42554.39851945836
HN,340006003,-0.06886661826751524,340006003,-1.0817576791465344,Honduras,46136.390881987296
HN,340006004,-0.16972105910492064,340006004,-1.0639124216408595,Honduras,35801.645965452226
HN,340006005,0.11418853937408005,340006005,-1.124073297588012,Honduras,44385.18884313032
HN,340006006,0.1021567913287681,340006006,-1.1530929906902132,Honduras,40319.28983629522
HN,340006007,-0.23516937063635576,340006007,-1.3032108926127188,Honduras,27552.377242612092
HN,340006008,-0.2974482121353861,340006008,-1.2251161914179414,Honduras,22092.95105424665
HN,340007001,0.004495889038061339,340007001,-0.7546764780201148,Honduras,253180.5518099455
HN,340007002,-0.027923499901755165,340007002,-0.8967306954900681,Honduras,56241.92881800671
HN,340007003,-0.27466946328222974,340007003,-1.194475526081788,Honduras,39770.99670130526
HN,340007004,0.21229520604475266,340007004,-0.40459460256030216,Honduras,46172.30235719944
HN,340007005,-0.1575082406128864,340007005,-1.0258374800749823,Honduras,40076.23107814025
HN,340008001,0.8397073827605246,340008001,1.0073491428952133,Honduras,1138383.6047146518
HN,340008002,0.04755314969525889,340008002,-0.7446672829636702,Honduras,64056.71613335802
HN,340008003,-0.38486343535810336,340008003,-1.2428978926944518,Honduras,43033.53769491707
HN,340008004,-0.18381084650033777,340008004,-0.7446672829636702,Honduras,51077.113317827774
HN,340008005,0.22509121544591904,340008005,-0.6143897238132571,Honduras,51305.13587765159
HN,340008006,-0.011479728956608017,340008006,-0.8136263741167998,Honduras,40227.8056394051
HN,340008007,0.429025265348454,340008007,-0.0965762327634678,Honduras,44065.62005773224
HN,340008008,0.0661990032315059,340008008,-0.830401643565081,Honduras,37200.42577881682
HN,340009001,-0.21463198277600376,340009001,-0.9256335406967882,Honduras,73094.54683253013
HN,340010001,0.08572125489618501,340010001,-0.9545021685313034,Honduras,74869.85502954561
HN,340010002,-0.09076770973627642,340010002,-1.0277229048407872,Honduras,41524.21696022015
HN,340010003,-0.25225689931893586,340010003,-1.0788428013988145,Honduras,68514.86468053848
HN,340010004,-0.09420653880514329,340010004,-1.0038930076775283,Honduras,34201.673021401766
HN,340011001,0.643672984069056,340011001,0.7665184958177889,Honduras,20561.184765876173
HN,340012001,-0.26383673273158365,340012001,-1.153436935282238,Honduras,44663.690282701915
HN,340012002,-0.009602177521752974,340012002,-1.0116122756643942,Honduras,53949.65493797845
HN,340012003,0.5200414969790714,340012003,-0.33379855047859464,Honduras,45988.41005244329
HN,340012004,0.016867981968321146,340012004,-0.9705787938017758,Honduras,41001.61508258547
HN,340013001,-0.08266959491485093,340013001,-1.0258374800749823,Honduras,82382.13704287107
HN,340013002,-0.2141899655165418,340013002,-1.065855634827016,Honduras,53797.91388651798
HN,340013003,-0.36648412814949743,340013003,-1.1481332244770417,Honduras,46324.18379101942
HN,340013004,-0.28684526086050927,340013004,-1.096496741826457,Honduras,32695.890860779222
HN,340013005,-0.19991277855781409,340013005,-1.017943739510114,Honduras,30837.734681389553
HN,340013006,-0.2735024450965951,340013006,-1.1068622766547915,Honduras,35704.578314506645
HN,340013007,-0.1336928033756691,340013007,-1.0377608559025833,Honduras,22942.80793590284
HN,340014001,0.03658265612128705,340014001,-0.9639310364689798,Honduras,35223.818228662174
HN,340014003,0.18138980525317208,340014003,-0.7398298011863434,Honduras,71152.69411368675
HN,340014004,0.15527600600585484,340014004,-0.7663509894621512,Honduras,33072.025359125655
HN,340015001,0.07217587697808793,340015001,-0.7282182594759223,Honduras,186614.51756499853
HN,340015002,0.04708912377237229,340015002,-0.9289234809402476,Honduras,143135.03232215095
HN,340015003,-0.19135645641741783,340015003,-0.9545021685313034,Honduras,45507.01199760306
HN,340015004,0.03859725273161935,340015004,-0.900846110637732,Honduras,36887.65529147501
HN,340015005,-0.2205722065347979,340015005,-1.0774739627255672,Honduras,61443.5845524237
HN,340015006,-0.31452273694409244,340015006,-1.0974394542093595,Honduras,34821.979849242736
HN,340016001,0.08907525105820015,340016001,-0.6613945589957686,Honduras,83397.28862018557
HN,340016002,0.1684141454114009,340016002,-0.5168029970715341,Honduras,74073.91056158493
HN,340016003,-0.05885656826132033,340016003,-0.5193230541220784,Honduras,50851.99121175027
HN,340016004,0.16251478801664437,340016004,-0.43860628744535207,Honduras,43260.32339033388
HN,340016005,-0.24647724318970046,340016005,-0.7721971205348838,Honduras,32823.994060610654
HN,340016006,0.06793799651289213,340016006,-0.5703171632551742,Honduras,52682.54622582112
HN,340016007,-0.1163869487477837,340016007,-0.9178722839540978,Honduras,32191.569554922622
HN,340016008,0.02548325188209301,340016008,-0.5058223336268356,Honduras,24528.441306225282
HN,340016009,-0.2296391624743808,340016009,-0.6562502019125526,Honduras,19831.813774715076
HN,340017001,0.10741919000527506,340017001,-0.8339197565983387,Honduras,63212.65046017361
HN,340017002,0.05927231103716464,340017002,-0.8770009784275258,Honduras,31397.444057726327
HN,340017003,-0.2113241219116054,340017003,-1.2632489214041704,Honduras,28030.167491504133
HN,340017004,0.5903472864213071,340017004,-0.3728964322263618,Honduras,39786.51617471859
HN,340018001,0.6152781844526654,340018001,0.7595306792247825,Honduras,203919.5810322608
HN,340018002,0.3264838426297182,340018002,-0.23288250900684904,Honduras,112968.18912105398
HN,340018003,0.06544206022752033,340018003,-0.8974032846509574,Honduras,104674.60347858244
HN,340018004,0.2694449002196164,340018004,-0.2578073020834468,Honduras,38925.7509700932
HN,340018005,0.21700909673671373,340018005,-0.5286514597584433,Honduras,39658.209922546856
HN,340018006,-0.12107544516399107,340018006,-0.9737102017996532,Honduras,31646.6531377259
HN,340018007,-0.2735191455105352,340018007,-0.9256335406967882,Honduras,26343.595258482826
HT,332003001,0.5808112451976819,332003001,0.4818466314034552,Haiti,426356.9983436359
HT,332003002,-0.009455831955891343,332003002,-1.007937151892306,Haiti,225494.9757142745
HT,332003003,-0.07292489750293496,332003003,-0.965889946856708,Haiti,104184.35628176609
HT,332003004,0.2105642211811716,332003004,-0.6295475505846121,Haiti,105594.31999726722
HT,332003005,-0.008398353257501632,332003005,-1.0244193107215434,Haiti,121730.78482672985
HT,332003006,0.0902667299756613,332003006,-0.7841100661460686,Haiti,355587.48193941277
HT,332006001,0.813232787450806,332006001,1.073713637901971,Haiti,3320255.2390269455
HT,332006002,0.3620501930335706,332006002,-0.14132762592580547,Haiti,527353.0664047649
HT,332006003,-0.07753713951637954,332006003,-0.37597657049664746,Haiti,429649.96664017235
HT,332006004,-0.06994081275601455,332006004,-0.5900350664262783,Haiti,153631.4371759649
HT,332006005,0.17879252148809427,332006005,-0.35607000975605396,Haiti,691162.2580589096
HT,332006006,0.2623552831169785,332006006,-0.2634493824946631,Haiti,446475.99563005666
HT,332006007,-0.004671988114737902,332006007,-0.6463492207438484,Haiti,378566.4713670078
HT,332006008,-0.12432543466300783,332006008,-1.097964701420213,Haiti,178476.23640173997
HT,332006009,-0.1369821715385387,332006009,-1.097964701420213,Haiti,358486.23561097006
HT,332006010,-0.16153326062878887,332006010,-1.032595330467088,Haiti,196644.39931428112
HT,332006011,-0.10637190828735746,332006011,-1.1007041993235778,Haiti,172102.64532451727
HT,332007001,0.13771741884733613,332007001,-0.11782850664685005,Haiti,372395.34434825217
HT,332007002,-0.014226701983924133,332007002,-0.5443519740665669,Haiti,511979.15296871914
HT,332007003,-0.11369366684572031,332007003,-0.980540547805562,Haiti,201393.4916589357
HT,332007004,-0.1845347927050828,332007004,-0.8635126072548365,Haiti,342170.41721361206
HT,332009001,0.16269224259736803,332009001,-0.3003109309735288,Haiti,446940.73890093534
HT,332009002,-0.1802048786901829,332009002,-1.0037139082666129,Haiti,247120.38706389928
LS,426001002,0.04535038877672577,426001002,-0.2801271517686278,Lesotho,65447.93144032103
LS,426001003,-0.053892307570336195,426001003,-1.0415599184497772,Lesotho,34651.16902248485
LS,426001005,0.5678244934180958,426001005,0.8260942736919678,Lesotho,25268.77116808957
LS,426002006,-0.020569947310100353,426002006,-1.151714375098831,Lesotho,29449.99638677134
LS,426002007,0.014953784987196163,426002007,-0.03439569172987487,Lesotho,28882.803567814055
LS,426002008,-0.18649393884725585,426002008,-0.292397996594894,Lesotho,22154.77570977276
LS,426002010,-0.2001283521552257,426002010,-0.520081781249935,Lesotho,22621.128777161295
LS,426002011,0.11898639208496326,426002011,0.2932429676325016,Lesotho,44099.2743118896
LS,426002013,0.42395522802201535,426002013,0.5290329700727252,Lesotho,58620.84671479111
LS,426002014,0.14530563668628682,426002014,0.3782131661946224,Lesotho,23354.60441168559
LS,426002015,0.4988722473272186,426002015,1.0150077324855975,Lesotho,38231.4055469823
LS,426002016,0.36125529554742913,426002016,0.7176812291087307,Lesotho,29054.816363562593
LS,426002017,0.03304245357073076,426002017,0.3378966310670562,Lesotho,45864.00620470007
LS,426003019,-0.16572254425426564,426003019,-1.0627649314424117,Lesotho,28448.20317789195
LS,426003020,0.08764702938958911,426003020,-0.18686009721235247,Lesotho,27724.427376473075
LS,426003021,-0.08109176935578491,426003021,0.1765550494751174,Lesotho,27193.136481156733
LS,426003023,-0.14682463488192188,426003023,-0.08088721773001005,Lesotho,32783.63258871762
LS,426003024,0.4678591784823163,426003024,0.9712826786437768,Lesotho,26436.66029127602
LS,426003025,-0.15632424754450286,426003025,-0.5606587709806201,Lesotho,41297.43293114139
LS,426003026,-0.06674756425713388,426003026,0.06031417505392043,Lesotho,45540.37748182546
LS,426003028,0.33652451053489163,426003028,1.0150077324855975,Lesotho,27166.30316917641
LS,426003029,0.9616403236373633,426003029,1.2086472286749577,Lesotho,53654.35931757544
LS,426004030,1.3455624176067094,426004030,1.093508791021122,Lesotho,39866.47344846469
LS,426004031,1.4079984875936367,426004031,1.0219212887046756,Lesotho,17479.083203232636
LS,426004032,0.9252901586987501,426004032,1.0150077324855975,Lesotho,90970.46932811468
LS,426004033,1.1083608123782556,426004033,1.0323614465002835,Lesotho,33225.551706452636
LS,426004034,1.057026953708697,426004034,1.1323509020904303,Lesotho,53795.02969084586
LS,426004035,1.519239743429602,426004035,1.1112458318323954,Lesotho,38934.445646413325
LS,426004037,0.30547785570438385,426004037,0.4706425546804188,Lesotho,31363.349969308998
LS,426004038,0.13662402604494658,426004038,-0.26459407324978906,Lesotho,29341.92956593136
LS,426004039,-0.13934272364168065,426004039,-0.868379379893937,Lesotho,30424.827442884696
LS,426004040,0.21348217020841267,426004040,0.456233151312941,Lesotho,53524.337144240824
LS,426004042,0.3981582614833376,426004042,0.652986952374156,Lesotho,33301.13078462351
LS,426004043,-0.14811019670399303,426004043,-0.2565302538811593,Lesotho,27143.80182005446
LS,426004044,0.14579382610897623,426004044,-0.10267600862651886,Lesotho,27257.445455066867
LS,426004045,-0.14354003460977452,426004045,-0.7840066237903942,Lesotho,25654.736348146416
LS,426004046,-0.10206247462210762,426004046,-1.1621189315762055,Lesotho,26183.100242893008
LS,426005047,-0.0785294058532627,426005047,0.17029501475728606,Lesotho,21244.09253456144
LS,426005048,0.009487811826231797,426005048,-0.2591331932823385,Lesotho,21779.504432696474
LS,426005051,-0.1324213838934162,426005051,-0.4924230377768163,Lesotho,56117.32412242388
LS,426005052,-0.12328678474917912,426005052,-0.283378915327736,Lesotho,23691.39337766208
LS,426005053,0.017647265070738348,426005053,0.2156382370149261,Lesotho,26387.373795265925
LS,426005055,0.40775130530074705,426005055,0.9249519463317456,Lesotho,49858.238247908106
LS,426006057,-0.02726866677410081,426006057,-0.09829274694703943,Lesotho,63590.39511855172
LS,426006058,0.45568289312322446,426006058,0.7988073139559408,Lesotho,27789.40412392853
LS,426006059,-0.19754538974868327,426006059,-0.39953878898165307,Lesotho,24101.55201291599
LS,426006060,-0.25631531905790833,426006060,-0.8701489293056697,Lesotho,26997.142579574906
LS,426006062,-0.2535727813394723,426006062,-1.1976626408606879,Lesotho,24307.65284927828
LS,426006063,-0.30082550883915393,426006063,-1.511519634732818,Lesotho,26595.349936726878
LS,426007064,-0.008601107657929551,426007064,-0.2712328533158951,Lesotho,26756.649206961847
LS,426007065,0.3373859322801003,426007065,0.4617998123218778,Lesotho,27774.4572914172
LS,426007066,-0.22377910100147963,426007066,-1.1255336332411685,Lesotho,22262.508113166678
LS,426007067,-0.10147794890355137,426007067,-0.8552660329491276,Lesotho,31360.67603740689
LS,426007068,-0.17776779387014688,426007068,-1.1081956337420469,Lesotho,28014.168410704122
LS,426008069,-0.02745353663803762,426008069,-0.7943751871905624,Lesotho,46063.088927326186
LS,426008071,-0.16515544098947815,426008071,-0.8224311141320799,Lesotho,32550.229317011115
LS,426009077,-0.08546143282947584,426009077,-1.4197418538975246,Lesotho,29517.27775881477
LS,426009078,-0.23903565060411713,426009078,-1.4197418538975246,Lesotho,28279.335348400586
LS,426009079,0.16431102509271134,426009079,-0.8552660329491276,Lesotho,36959.69069926039
LS,426009080,-0.19642210322119985,426009080,-1.337447977693849,Lesotho,27227.39642221403
LS,426010072,-0.22987688700149486,426010072,-1.337447977693849,Lesotho,55959.91898233072
LS,426010074,0.1926690784332631,426010074,-0.9396387890526706,Lesotho,24939.193751610386
LS,426010075,-0.2302804270488278,426010075,-1.4374788947087982,Lesotho,32100.707279385337
MX,1,0.8764129307537527,1,0.769865764281307,Mexico,1352959.2015120867
MX,2,0.8532184431247429,2,0.8357761995053277,Mexico,3576064.1105361716
MX,3,0.8773800906087829,3,0.8415445977021294,Mexico,806705.7683225828
MX,4,0.6566774431098652,4,-0.4547285000554756,Mexico,880496.2438729814
MX,5,0.8696594104978298,5,0.7935802389271619,Mexico,3137521.4929383798
MX,6,0.7654741014039923,6,0.769865764281307,Mexico,754471.4620510391
MX,7,0.32077849152108356,7,-1.1261474709587005,Mexico,5523962.104428034
MX,8,0.861799480164316,8,0.3369439045884892,Mexico,3708389.087433171
MX,9,1.1453502862578058,9,1.0752740208613218,Mexico,9188896.008948227
MX,10,0.681039452874901,10,0.15259860800590608,Mexico,1817830.6750646562
MX,11,0.7653535266325322,11,0.6799030918341129,Mexico,6334390.293522854
MX,12,0.4497141800118646,12,-0.9280376465237948,Mexico,3749127.579010393
MX,13,0.49764135221187505,13,0.10380763499396277,Mexico,3183927.8412479484
MX,14,1.004806332918348,14,0.9769795686562536,Mexico,8426070.051679544
MX,15,0.8689531833599416,15,0.5311559657803944,Mexico,17145956.680892296
MX,16,0.7143454582577308,16,0.3344337416609352,Mexico,4919053.50543148
MX,17,0.8990604182117414,17,0.2821954332686637,Mexico,2021988.0465590768
MX,18,0.6356629039219447,18,0.3028377475349696,Mexico,1258581.383318097
MX,19,0.9224270502290396,19,0.9346105866415434,Mexico,5919773.9058127245
MX,20,0.30955966947024716,20,-0.9282039182921556,Mexico,4264808.014596529
MX,21,0.6251501373297679,21,-0.2696229196032353,Mexico,6402902.87412081
MX,22,0.8184055572945358,22,0.5905181315571306,Mexico,2162221.41276192
MX,23,0.9259949703373724,23,0.6784361149925089,Mexico,1556644.5929772214
MX,24,0.5873771924046058,24,-0.29823754199218105,Mexico,2851770.4632585016
MX,25,0.6670959889869114,25,0.7382697701553415,Mexico,2964515.9339781026
MX,26,0.8187050299766627,26,0.5718636241882753,Mexico,3026300.9500498064
MX,27,0.48439283952160334,27,-0.24761469568052866,Mexico,2569689.3373200614
MX,28,0.8393063807519913,28,0.6540089707554808,Mexico,3670923.970781094
MX,29,0.7516537030091529,29,0.4991785640211722,Mexico,1304604.9452513028
MX,30,0.5225930075970796,30,-0.4335850744113157,Mexico,8343485.138321943
MX,31,0.7830424939081745,31,-0.07996650552863628,Mexico,2151301.864010172
MX,32,0.5352727226922038,32,0.5864664345522149,Mexico,1673339.0768545973
NI,558005001,-0.24193157549615835,558005001,-1.0683751602187863,Nicaragua,483216.13382963784
NI,558005002,0.13739904422925478,558005002,-0.7317338019061972,Nicaragua,69099.11635052384
NI,558005003,-0.1306906219752137,558005003,-0.9041988064523988,Nicaragua,53695.410882991106
NI,558005004,0.8983800453382822,558005004,-0.1502256500423723,Nicaragua,47703.48501768648
NI,558005005,-0.1446988919666147,558005005,-1.0271363272629972,Nicaragua,37224.728595172935
NI,558005006,-0.16266025405690174,558005006,-1.0289441277960716,Nicaragua,30950.776432493392
NI,558005007,-0.2029674689472805,558005007,-1.0271363272629972,Nicaragua,27511.616142697465
NI,558020001,0.12222384343405066,558020001,-0.5478818718064365,Nicaragua,39536.3887957737
NI,558020002,-0.1246708987376121,558020002,-0.8993613874680787,Nicaragua,32352.370376666026
NI,558020003,-0.23194093168826901,558020003,-0.9972058821696986,Nicaragua,26749.465136592487
NI,558020004,-0.16121152844985157,558020004,-1.0557306401803148,Nicaragua,25433.281011380113
NI,558020005,-0.08527374926374531,558020005,-1.0279560159702752,Nicaragua,26853.45872223139
NI,558025001,0.5771187620552541,558025001,0.7137240115841678,Nicaragua,180253.91432442176
NI,558025002,0.515094008172837,558025002,0.4445613068167584,Nicaragua,129222.97319206837
NI,558025003,-0.02921448673091533,558025003,-1.0492849590524944,Nicaragua,44760.07781924383
NI,558025004,0.03561839308955261,558025004,-0.5867443986179444,Nicaragua,36458.22575895634
NI,558025005,0.14256452088470636,558025005,0.043436132873950484,Nicaragua,32472.361041661603
NI,558025006,0.11809324733595648,558025006,-0.4829235884898709,Nicaragua,36507.79923294512
NI,558025007,0.13024015720173707,558025007,-0.3290286480556497,Nicaragua,29861.799938869914
NI,558025008,0.044690591778108184,558025008,-0.7351702333781933,Nicaragua,30808.86205274632
NI,558025009,-0.1312821981701603,558025009,-1.0429736629834216,Nicaragua,29137.66398634491
NI,558025010,-0.22260703526361222,558025010,-0.7498824888295358,Nicaragua,24877.183972697567
NI,558025011,0.003513361609406609,558025011,-0.5400356252503329,Nicaragua,18981.111491880813
NI,558030001,0.5911467394819794,558030001,0.13633850748673831,Nicaragua,150024.8262543196
NI,558030002,-0.059505149406670975,558030002,-0.5926432792340235,Nicaragua,85071.26361586056
NI,558030003,0.5573544089544405,558030003,0.19668897653398348,Nicaragua,42140.529020921014
NI,558030004,0.050252152580104056,558030004,-0.7109661011932294,Nicaragua,32675.930671576043
NI,558030005,0.3042182086537597,558030005,0.5484641572234428,Nicaragua,24258.65705810064
NI,558030006,-0.12244857142433166,558030006,-0.8417843906736286,Nicaragua,30556.127303661233
NI,558030007,-0.14619669567331914,558030007,-0.9547790475244384,Nicaragua,30851.34930674751
NI,558040001,-0.31647033194089536,558040001,-1.05545709904284,Nicaragua,514774.41984555166
NI,558040002,-0.2441655370601846,558040002,-1.0776786532809,Nicaragua,400801.97762690973
NI,558040003,0.08560114363625874,558040003,-0.6801358695964042,Nicaragua,254076.18666307643
NI,558040004,0.03321801462624173,558040004,-0.6884824932961199,Nicaragua,74323.70564029418
NI,558040005,0.41602025681555743,558040005,-0.1746033949716175,Nicaragua,53380.75244392036
NI,558040006,-0.22243807903946697,558040006,-1.1239002702197725,Nicaragua,46349.69191995084
NI,558040007,-0.1483124285986044,558040007,-0.8167673111421558,Nicaragua,30806.698557476542
NI,558040008,-0.12220552304399346,558040008,-1.0337694896077023,Nicaragua,55648.71137624382
NI,558050001,-0.04067840754862433,558050001,-0.8555271830813629,Nicaragua,55247.56252656412
NI,558050002,-0.19297796030719422,558050002,-0.9203263237885192,Nicaragua,43291.25063614627
NI,558050003,-0.09339366731025191,558050003,-0.8908455117005084,Nicaragua,34918.7487472102
NI,558050004,-0.101550202735005,558050004,-0.7789126824639694,Nicaragua,29858.9949949069
NI,558055001,1.0554895762368477,558055001,1.1714025986359344,Nicaragua,1005635.5562660439
NI,558055002,0.6736197071054861,558055002,0.20506139402076404,Nicaragua,169812.2526465376
NI,558055003,0.41715822626620214,558055003,0.08950027999848048,Nicaragua,153684.88162349153
NI,558055004,0.7670275160377558,558055004,0.6446800136821064,Nicaragua,72155.47750321143
NI,558055005,0.5465330904170165,558055005,-0.15396186403531076,Nicaragua,46237.61092557766
NI,558055006,0.5768267336147009,558055006,-0.2640293471249758,Nicaragua,68376.59920098785
NI,558055007,0.6983280467691635,558055007,0.20263558789647695,Nicaragua,51924.76630030026
NI,558055008,0.25693453799082894,558055008,-0.2763612971888024,Nicaragua,17203.019797237714
NI,558055009,0.018807211450710626,558055009,-0.6401288248537762,Nicaragua,32296.590941496524
NI,558065001,0.3504014554298177,558065001,0.095130969829822,Nicaragua,72017.07086294332
NI,558065002,-0.02547022667990347,558065002,-0.16498360553071395,Nicaragua,35808.979073066344
NI,558065003,-0.21081068319665264,558065003,-0.6491706234675789,Nicaragua,26611.98245442272
NI,558065004,-0.23393928382017057,558065004,-0.8366978977428025,Nicaragua,21919.314322813418
NI,558070001,0.7888555779449695,558070001,0.4846317149576063,Nicaragua,110263.56178782159
NI,558070002,0.24133586677759455,558070002,-0.31010010093695906,Nicaragua,36778.91965360587
NI,558070003,0.3688038098635232,558070003,-0.3059274992580158,Nicaragua,13695.552986886547
NI,558075001,0.3803765094135556,558075001,0.08033512146715527,Nicaragua,67610.60966086287
NI,558075002,0.4494325916176896,558075002,0.37036022393556,Nicaragua,61013.09078914908
NI,558075003,0.3879634186745477,558075003,0.07399819977969485,Nicaragua,27345.200761185813
NI,558075004,-0.10907376039064465,558075004,-0.5456235911898999,Nicaragua,17857.0137324933
NI,558080001,0.6704643152064204,558080001,0.5255656740575904,Nicaragua,45057.880153377184
NI,558080002,-0.04357547077490478,558080002,-0.6271635428664556,Nicaragua,36927.32241601582
NI,558080003,0.2987104089837366,558080003,-0.34420403355151685,Nicaragua,25350.315886474586
NI,558080004,-0.036918849989957654,558080004,-0.3677415397347071,Nicaragua,18404.488971538318
NI,558080005,0.11304292738491105,558080005,-0.6307299442399846,Nicaragua,13577.2733551151
NI,558085001,-0.40199945564001527,558085001,-1.0981191179326637,Nicaragua,124443.38619353552
PA,591002001,0.13423593252782356,591002001,-0.7531934728351191,Panama,118921.2769168894
PA,591002002,0.23656819712827593,591002002,-0.7531934728351191,Panama,56564.48852888454
PA,591002003,0.5631926171258046,591002003,0.2926446696162696,Panama,48920.05314369859
PA,591002004,-0.23155458720591324,591002004,-1.4694207131171453,Panama,36042.01205391832
PA,591003001,0.6348076169315225,591003001,0.4570248033664817,Panama,234189.80377718504
PA,591003002,-0.4820982984683925,591003002,-1.6894067495753171,Panama,23631.454266509303
PA,591003003,-0.2149217550415793,591003003,-1.5821677478374876,Panama,19931.974174774707
PA,591004001,0.04175544386725716,591004001,-0.8153622355874123,Panama,166651.06756869532
PA,591004002,0.8894963668504833,591004002,0.39253196638074894,Panama,161485.66943944592
PA,591004003,0.39793078543517935,591004003,0.36863183886978795,Panama,107933.44609113852
PA,591004004,0.4271489546539869,591004004,-0.1642215559017377,Panama,90737.4594798486
PA,591004005,0.1724997469106259,591004005,-0.6490061780342515,Panama,79980.77299618773
PA,591004006,-0.317430436921629,591004006,-1.894431837820608,Panama,67481.33592536481
PA,591004007,-0.2468688922346917,591004007,-1.8917235579381295,Panama,48382.53989526402
PA,591004008,-0.34681110369314105,591004008,-1.9442231928379277,Panama,58480.83616189875
PA,591004009,-0.14788589326948232,591004009,-1.0665246323500028,Panama,46547.03486825913
PA,591004010,-0.33910042458310935,591004010,-1.8471114572813576,Panama,52626.10805967432
PA,591004011,-0.2785590927942211,591004011,-1.7228204802215028,Panama,48692.43741020965
PA,591004012,0.1102379108555631,591004012,-0.6318678992787642,Panama,39104.41608873545
PA,591004013,0.32986261476463186,591004013,0.36863183886978795,Panama,29833.918461023535
PA,591004014,0.3354054483226599,591004014,0.36863183886978795,Panama,23302.03069411661
PA,591004015,-0.3023041033152167,591004015,-1.6672265917533904,Panama,24978.735944460353
PA,591005001,-0.394657080066186,591005001,-1.4027183226631217,Panama,64450.18462284809
PA,591006001,0.8029024968200573,591006001,0.7158007470200105,Panama,55060.52000549854
PA,591006002,-0.22157404737790198,591006002,-1.058410899711042,Panama,33733.48077848202
PA,591006003,0.05815747401290619,591006003,-0.4900348311889296,Panama,29757.91497429016
PA,591007001,0.5071576306214723,591007001,0.3375089111030928,Panama,40792.0849582526
PA,591007002,-0.13737139546221727,591007002,-0.6301976085254146,Panama,28236.855420596978
PA,591007003,0.24533529935207304,591007003,-0.018696362907554363,Panama,27221.08684054971
PA,591008001,1.0719851707326478,591008001,0.7264023275890523,Panama,1323766.549973754
PA,591008002,0.8109304907981453,591008002,0.4626141442789084,Panama,253534.6680390735
PA,591008003,0.7904337808641569,591008003,0.2589345215020027,Panama,181676.2170818932
PA,591008004,0.07223797494303809,591008004,-0.7531934728351191,Panama,65961.79056006753
PA,591008005,-0.02884994526719194,591008005,-0.7531934728351191,Panama,57726.64421632939
PA,591008006,0.3427657760497457,591008006,-0.1642215559017377,Panama,25438.5596322874
RW,646001001,0.9992314284742163,646001001,2.145634825728508,Rwanda,357511.5023185001
RW,646001002,0.7688358742678999,646001002,1.7178349766069811,Rwanda,606983.749738464
RW,646001003,1.063613881244869,646001003,2.1467807062472204,Rwanda,356244.0000987521
RW,646002001,-0.09287492655070975,646002001,-0.8322083726368988,Rwanda,367045.5065514381
RW,646002002,-0.19008338714876655,646002002,-0.923164831854878,Rwanda,380960.1139282328
RW,646002003,-0.10883421381694033,646002003,-1.0572675549440915,Rwanda,334397.86901419674
RW,646002004,0.03706936557513412,646002004,-0.5574141150212581,Rwanda,350040.8992554529
RW,646002005,-0.07094886547316681,646002005,-1.0572675549440915,Rwanda,374119.8520920347
RW,646002006,-0.07069750004345335,646002006,-0.8322083726368988,Rwanda,350185.7349890575
RW,646002007,0.1045757886267778,646002007,-0.8322083726368988,Rwanda,336455.1777834651
RW,646002008,-0.06453253885209473,646002008,-0.546070391263043,Rwanda,376968.8020328286
RW,646003001,-0.05246676490280608,646003001,-0.8322083726368988,Rwanda,347649.34498912795
RW,646003002,-0.11583332846797073,646003002,-0.903437252975037,Rwanda,346206.59398506477
RW,646003003,0.377236531781413,646003003,0.3205885302831856,Rwanda,475144.10839505406
RW,646003004,-0.07606132633434934,646003004,-0.5319357556559893,Rwanda,317800.1215693278
RW,646003005,-0.055495912593009046,646003005,-0.903437252975037,Rwanda,352152.77734705445
RW,646003006,0.0786539796023206,646003006,-0.042590831973324215,Rwanda,440419.43828851054
RW,646003007,-0.060644885169717576,646003007,-0.2925829508722089,Rwanda,415213.1494344047
RW,646004001,0.03831934443929674,646004001,-0.5168055457512553,Rwanda,296787.2353958856
RW,646004002,-0.05901863077884646,646004002,-0.7524695528321254,Rwanda,335663.10940922966
RW,646004003,0.28067977319177706,646004003,0.19455376673196587,Rwanda,411560.2782552319
RW,646004004,-0.09310624697551717,646004004,-0.2676500142805171,Rwanda,365445.17863704194
RW,646004005,0.027299682458008824,646004005,-0.3068765733487963,Rwanda,430149.3951058057
RW,646005001,0.0869403175506048,646005001,0.16965213946914826,Rwanda,347094.68229665793
RW,646005002,-0.041183222870804316,646005002,0.14696157754219846,Rwanda,585573.8855269175
RW,646005003,-0.06710322542956297,646005003,-0.19355853211623564,Rwanda,506637.7839714391
RW,646005004,0.03193315994613563,646005004,-0.042590831973324215,Rwanda,398826.5865219002
RW,646005005,-0.05723668868916331,646005005,-0.1914156459975553,Rwanda,391457.8644895386
RW,646005006,-0.05344006962075906,646005006,-0.3473888340852904,Rwanda,378337.19703521003
RW,646005007,-0.11467906600968156,646005007,0.19455376673196587,Rwanda,417103.2609026638
SL,694011001,-0.08327445792371359,694011001,-0.5277680775763556,Sierra Leone,87460.82378510763
SL,694011002,-0.020235981610694453,694011002,-0.4592728131608158,Sierra Leone,71307.27739541819
SL,694011003,-0.280874849563467,694011003,-1.4151441298431524,Sierra Leone,54909.287180693165
SL,694011004,0.06832943663975516,694011004,-0.32645339829160497,Sierra Leone,54837.30377770028
SL,694011005,-0.3543521526450841,694011005,-0.8158838141865582,Sierra Leone,55450.573663328534
SL,694011006,-0.2073888159054641,694011006,-1.0812663398070852,Sierra Leone,42587.98696765798
SL,694011007,-0.3086329647563395,694011007,-0.8158838141865582,Sierra Leone,39175.15363452855
SL,694011008,-0.06212664547778539,694011008,-0.3614217370047697,Sierra Leone,34066.82919996938
SL,694011009,-0.24353514544899707,694011009,-0.6419510856283213,Sierra Leone,32112.895648759553
SL,694012001,0.786880356710802,694012001,1.0331655307081962,Sierra Leone,167735.9790795992
SL,694012002,-0.10876693968682508,694012002,-0.5003861268498421,Sierra Leone,117587.02676951946
SL,694012003,0.5903387598464737,694012003,-0.4592728131608158,Sierra Leone,71050.58687281447
SL,694012004,-0.32276406056524415,694012004,-0.6419510856283213,Sierra Leone,54711.911495078384
SL,694012005,-0.1965592425444209,694012005,-0.4852393038468172,Sierra Leone,51725.17928186328
SL,694012006,-0.3725948590164737,694012006,-0.8158838141865582,Sierra Leone,41946.29898860405
SL,694012007,-0.1444469435242431,694012007,-0.5464103795575496,Sierra Leone,43738.07297779945
SL,694012008,-0.1012044351395092,694012008,-0.5003861268498421,Sierra Leone,36985.46088406923
SL,694012009,-0.3585708894903763,694012009,-0.8158838141865582,Sierra Leone,32205.148712848044
SL,694012010,-0.28064714918231237,694012010,-0.8432657649130719,Sierra Leone,29412.727476523105
SL,694013001,0.5480741525874476,694013001,0.9760955298047576,Sierra Leone,54612.10396083318
SL,694013002,-0.3341323513487364,694013002,-0.5003861268498421,Sierra Leone,79709.84280719537
SL,694013003,-0.01761778094156658,694013003,0.12160739979642768,Sierra Leone,42860.25922970551
SL,694013004,0.2727903997476191,694013004,-0.1938902875402887,Sierra Leone,50152.35995393562
SL,694013005,0.02696823789159936,694013005,-0.4592728131608158,Sierra Leone,41310.591779500166
SL,694013006,-0.29961908670627113,694013006,-0.5277680775763556,Sierra Leone,32497.390251638404
SL,694013007,0.048283756371403766,694013007,-0.1938902875402887,Sierra Leone,22271.191019808837
SL,694021001,1.2584614946548114,694021001,1.1171298610865332,Sierra Leone,70531.41412616902
SL,694021002,-0.1551514492102443,694021002,0.03015760273413742,Sierra Leone,84742.9851291618
SL,694021003,-0.3393068544013449,694021003,-0.3351140127154189,Sierra Leone,74815.9344422602
SL,694021004,0.43248148510623347,694021004,-0.019957558982051742,Sierra Leone,91786.97676757356
SL,694021005,-0.23364477272518971,694021005,-0.3676355326893929,Sierra Leone,45692.07744526066
SL,694021006,-0.3739406930198329,694021006,-0.5277680775763556,Sierra Leone,45010.05562814067
SL,694021007,-0.30743008175315073,694021007,-0.5003861268498421,Sierra Leone,32639.83986727543
SL,694021008,-0.3154989620310634,694021008,0.12160739979642768,Sierra Leone,31832.290480959844
SL,694021009,-0.3219232515928392,694021009,0.08767403180161501,Sierra Leone,14458.68107037973
SL,694022001,0.036419425545365265,694022001,-0.15144144677779453,Sierra Leone,109075.678090121
SL,694022002,-0.14166815303783267,694022002,0.12160739979642768,Sierra Leone,78142.77238559391
SL,694022003,-0.28709787412230003,694022003,0.0702535918867714,Sierra Leone,52190.514075006395
SL,694022004,-0.13184399225732346,694022004,-0.1437751258240995,Sierra Leone,43121.35324194826
SL,694022005,-0.31343152093232785,694022005,-0.13092442207018512,Sierra Leone,34069.525319415465
SL,694022006,-0.301637134033455,694022006,-0.1437751258240995,Sierra Leone,31549.851813222976
SL,694023001,-0.20331673744332157,694023001,-0.8156910981823456,Sierra Leone,49280.21759759396
SL,694023002,-0.2228679675355263,694023002,-0.5471599641925613,Sierra Leone,57256.9627909642
SL,694023003,-0.4189958400146779,694023003,-0.5277680775763556,Sierra Leone,47262.817756593766
SL,694023004,-0.39251149320538,694023004,-0.7931506031968827,Sierra Leone,43270.380799773346
SL,694023005,-0.41648223321898437,694023005,-0.5277680775763556,Sierra Leone,40956.59101913168
SL,694023006,-0.38015866487862915,694023006,-0.7931506031968827,Sierra Leone,38142.41128108865
SL,694023007,0.24974080736655752,694023007,0.3692383511435186,Sierra Leone,37396.20427015171
SL,694023008,-0.21590772990496904,694023008,0.0887142400289636,Sierra Leone,26844.562972889158
SL,694024001,-0.16419890689077266,694024001,-0.1437751258240995,Sierra Leone,85282.2275326565
SL,694024002,0.3462932800865615,694024002,0.8846457327424673,Sierra Leone,84022.8755808263
SL,694024003,0.013507305239154652,694024003,-0.2289702426794501,Sierra Leone,84222.88958411601
SL,694024004,-0.2602720306745841,694024004,-0.4943527682999772,Sierra Leone,75170.3320324922
SL,694024005,-0.3637935352550293,694024005,-0.1437751258240995,Sierra Leone,58736.57372210162
SL,694024006,-0.24542588518294445,694024006,-0.1437751258240995,Sierra Leone,57233.43657224515
SL,694024007,-0.320971637077934,694024007,0.12160739979642768,Sierra Leone,42491.96473615062
SL,694024008,0.1971515417498534,694024008,-0.7657686524703691,Sierra Leone,43884.274188166164
SL,694024009,-0.3129232195192509,694024009,0.007809823752886974,Sierra Leone,25327.656045170246
SL,694025001,-0.19520985142277536,694025001,-0.5003861268498421,Sierra Leone,111041.36391330637
SL,694025002,-0.19207562435384337,694025002,-0.669333036354835,Sierra Leone,74028.75343114813
SL,694025003,-0.29532871264523547,694025003,-0.5277680775763556,Sierra Leone,70138.38355260447
SL,694025004,-0.2710728500049221,694025004,-0.4592728131608158,Sierra Leone,61503.46464482572
SL,694025005,0.28802471628154686,694025005,0.2626417310782035,Sierra Leone,60565.20273442358
SL,694025006,-0.3058608456294478,694025006,-0.5277680775763556,Sierra Leone,33431.00250274905
SL,694025007,-0.2595879105456199,694025007,-0.1938902875402887,Sierra Leone,31409.76872218864
SL,694031001,0.9406146488060996,694031001,0.9760955298047576,Sierra Leone,213840.61591563083
SL,694031002,-0.19180939050052045,694031002,-0.1938902875402887,Sierra Leone,72786.18787427974
SL,694031003,-0.2774435323252843,694031003,-0.4542849169641003,Sierra Leone,51178.64870460788
SL,694031004,-0.2126659814416106,694031004,-0.9073336112488484,Sierra Leone,57886.706173495564
SL,694031005,-0.3131871677045384,694031005,-0.6268042626252965,Sierra Leone,40724.383136616016
SL,694031006,-0.34650383644127103,694031006,-0.6232297493256214,Sierra Leone,38614.038721090714
SL,694031007,0.25735652939320525,694031007,-0.019957558982051742,Sierra Leone,58156.080664638095
SL,694031008,-0.37884919989169547,694031008,-0.6419510856283213,Sierra Leone,32204.783888453825
SL,694031009,-0.3751658578889959,694031009,-0.4816205921420662,Sierra Leone,26817.189385608574
SL,694031010,-0.3726806203127116,694031010,-0.8007369911835335,Sierra Leone,31049.589235549043
SL,694031011,-0.3132405861617485,694031011,-0.8158838141865582,Sierra Leone,34230.43014009675
SL,694032001,-0.3204382934649703,694032001,-1.1497616042226253,Sierra Leone,54672.215934686246
SL,694032002,-0.1275935038697946,694032002,-1.1328054253672248,Sierra Leone,50113.475553154894
SL,694032003,0.03005727170494172,694032003,-1.4151441298431524,Sierra Leone,27955.284224472496
SL,694032004,0.05176745312877807,694032004,-0.6354929035175103,Sierra Leone,33648.9445302505
SL,694033001,-0.3600184219430219,694033001,-1.1420908069234446,Sierra Leone,37903.624167530805
SL,694033002,-0.4169023966630719,694033002,-1.0812663398070852,Sierra Leone,37338.6085076182
SL,694033003,-0.3183474680665576,694033003,-0.8432657649130719,Sierra Leone,33810.22495198562
SL,694033004,-0.2686780255173711,694033004,-1.0812663398070852,Sierra Leone,46996.773349980336
SL,694033005,-0.034475188883431374,694033005,-0.7657686524703691,Sierra Leone,30740.110291535286
SL,694033006,-0.21950906062955705,694033006,-0.9073336112488484,Sierra Leone,8858.382987547006
SL,694033007,-0.356763439700337,694033007,-1.0812663398070852,Sierra Leone,29439.956915989475
SL,694033008,-0.3260780287391085,694033008,-0.8158838141865582,Sierra Leone,22716.761268690785
SL,694033009,-0.06889965388514475,694033009,-0.1938902875402887,Sierra Leone,24767.66255654231
SL,694034001,-0.07835445683588264,694034001,-0.6419510856283213,Sierra Leone,98613.82581648024
SL,694034002,-0.37723133159815436,694034002,-0.7657686524703691,Sierra Leone,50628.58395525319
SL,694034003,-0.2602353794377984,694034003,-1.1847299429357896,Sierra Leone,46203.53734564964
SL,694034004,-0.3024542518637374,694034004,-1.1847299429357896,Sierra Leone,35787.351611039485
SL,694034005,-0.2998449230129775,694034005,-0.8432657649130719,Sierra Leone,43697.47555664337
SL,694034006,-0.19338040451234284,694034006,-0.8158838141865582,Sierra Leone,32846.959447287656
SL,694034007,-0.1969810020328074,694034007,-0.8432657649130719,Sierra Leone,35063.759178291446
SL,694041001,0.5393485440157998,694041001,0.815886534131967,Sierra Leone,114695.89785977217
SL,694041002,0.980096531098897,694041002,0.927255370101946,Sierra Leone,383885.21625398006
SL,694041003,-0.068382931785119,694041003,-0.2472387289528036,Sierra Leone,14706.250247592834
SL,694042008,1.4619397153027172,694042008,1.341459034828989,Sierra Leone,678563.8431186802
SN,686001001,1.2335397703535462,686001001,1.3560681856822887,Senegal,1274727.5393514019
SN,686001002,1.1866817270253875,686001002,1.112487666339658,Senegal,1579261.4901004275
SN,686001003,0.8108112645031741,686001003,0.8975422363260589,Senegal,586541.5884509032
SN,686002001,-0.16479134319100405,686002001,-0.8132748823438893,Senegal,329664.92493870115
SN,686002002,0.11017766463986559,686002002,-0.7926693875555224,Senegal,298594.8635618586
SN,686002003,0.6307674423020464,686002003,0.08118150286846205,Senegal,929657.6627565076
SN,686003001,-0.06662028538541107,686003001,-0.7501189144977287,Senegal,375913.34125305316
SN,686003002,-0.07508533601965524,686003002,-0.7710200015826417,Senegal,330757.82426477125
SN,686003003,-0.142301146606699,686003003,-0.9015995181381316,Senegal,346594.9057575209
SN,686004001,-0.24987451798185453,686004001,-1.0143330845900111,Senegal,656805.8963597359
SN,686004002,0.24594567361760442,686004002,-0.15513354469530016,Senegal,523355.8956823829
SN,686004003,-0.14956939136038402,686004003,-0.9698060766072782,Senegal,423449.5173276732
SN,686005001,-0.13715317726052426,686005001,-1.0595072951999145,Senegal,435493.9157962321
SN,686005002,-0.1553357011517956,686005002,-1.042110082796595,Senegal,504329.6528640038
SN,686005003,-0.08753375251083963,686005003,-1.0993763402554433,Senegal,309111.31046038546
SN,686008001,-0.11028298756027016,686008001,-0.7873893145287241,Senegal,288835.4614490347
SN,686008002,-0.12687177163624488,686008002,-0.9268753610028804,Senegal,1335341.9386475096
SN,686008003,0.02990696621198394,686008003,-0.44881812859782616,Senegal,416830.5091560837
SN,686008004,0.34330305419270496,686008004,0.12902573290764896,Senegal,575463.9894496093
SN,686009001,-0.16547364912778176,686009001,-0.955016050978959,Senegal,317310.87288897426
SN,686009002,-0.1908035269859819,686009002,-1.1966736081027467,Senegal,166937.8252432098
SN,686009003,-0.05415433346725562,686009003,-1.042110082796595,Senegal,477482.77887060615
SN,686010001,0.4696782366497273,686010001,-0.10142123837444393,Senegal,718371.0581553756
SN,686010002,0.4866705760382083,686010002,0.2892530669469942,Senegal,745145.6963973141
SN,686010003,0.05744915771136297,686010003,-0.4459380090799304,Senegal,508594.02483787684
SN,686011001,0.04234995651282994,686011001,-0.9999707649439756,Senegal,284415.12747190177
SN,686011002,-0.012426980016141913,686011002,-0.9489887967218612,Senegal,51300.10175613339
SN,686011003,0.5002665108148183,686011003,-0.2165137604737763,Senegal,255686.6920764014
TG,768001001,1.2372485220646212,768001001,1.275534069708201,Togo,604530.9349453627
TG,768001002,0.9595989938094308,768001002,0.9508120415407728,Togo,1286082.873101159
TG,768001003,0.3480308345377142,768001003,-0.06662925430017631,Togo,178195.1412248701
TG,768001004,-0.022809443548496986,768001004,-0.9949285294878054,Togo,91413.48010630037
TG,768001005,0.04702785469532353,768001005,-0.9610701152244684,Togo,220745.56608851286
TG,768001006,0.09101857310760826,768001006,-0.4498710813168051,Togo,174788.07238033094
TG,768001007,0.1846441928442331,768001007,-0.2757722029600511,Togo,359086.44090101065
TG,768001008,0.018191960625842402,768001008,-0.5363752325526072,Togo,103674.46761290827
TG,768002001,-0.02019992889121963,768002001,-0.2748774440136081,Togo,226618.8627340033
TG,768002002,-0.1610683217301808,768002002,-0.978906696832933,Togo,144803.30047524525
TG,768002003,-0.3597354920194654,768002003,-0.9921052528461164,Togo,159546.21187359182
TG,768002004,-0.31614795045937794,768002004,-0.9729062630803704,Togo,60627.88169540765
TG,768002005,-0.11709407298772899,768002005,-0.5731181671245785,Togo,102485.87954205969
TG,768002006,-0.19264064686828752,768002006,-0.5923171568903244,Togo,128460.63715240022
TG,768002007,-0.11450198292496841,768002007,-0.5923171568903244,Togo,37976.48837822145
TG,768002008,-0.0832593702863276,768002008,-0.6371149815399213,Togo,84248.54281271443
TG,768002009,0.42096296027545355,768002009,0.44072207347905706,Togo,156337.7028043392
TG,768002010,-0.15936120404710244,768002010,-0.5287838469007821,Togo,86890.6472558851
TG,768002011,-0.0875318627891474,768002011,-0.9921052528461164,Togo,297381.0386899177
TG,768002012,-0.3181555961667123,768002012,-0.9921052528461164,Togo,94665.05011234336
TG,768002013,0.09080207348648082,768002013,-0.12890867356006816,Togo,210276.3156249104
TG,768002014,-0.14850679581821885,768002014,-0.7835190844621432,Togo,171555.56575732963
TG,768002015,-0.2170754535009843,768002015,-0.7255595113641161,Togo,89189.25034328838
TG,768002016,-0.03635297079005539,768002016,-0.9921052528461164,Togo,236487.86571220413
TG,768002017,-0.3036469284073582,768002017,-1.022074203712001,Togo,15157.655316749084
TG,768002018,0.24088689378593484,768002018,-0.17379290470509412,Togo,236623.51326204577
TG,768002019,-0.19482735557527275,768002019,-0.8000976973929178,Togo,82254.05623306209
TG,768002020,-0.12679157113267672,768002020,-0.9921052528461164,Togo,78157.60957928572
TG,768002021,-0.29631414749784324,768002021,-1.0531093413336488,Togo,116426.75265536214
TG,768002022,-0.20810108728397445,768002022,-0.9921052528461164,Togo,178016.8205498339
TG,768002023,-0.0773839111774277,768002023,-0.8000976973929178,Togo,120173.3221162863
TG,768002024,-0.08233503636559607,768002024,-0.6762938313092424,Togo,53296.071794302676
TG,768005001,-0.1213778340785891,768005001,-0.7656825028536788,Togo,353888.3873202632
TG,768005002,0.17973824001881888,768005002,-0.5686275179261004,Togo,134914.57730728554
TG,768005003,-0.3296204952980151,768005003,-0.9954853097637076,Togo,186802.70708257757
TG,768005004,-0.22053838630699243,768005004,-0.9921052528461164,Togo,230880.95599443017
TG,768005005,-0.30458621128774976,768005005,-0.8000976973929178,Togo,148522.3559114795
TZ,834001001,-0.2942522045025204,834001001,-0.3971608222553285,Tanzania,589063.8576485777
TZ,834001002,-0.24778473941739437,834001002,-0.3997594125759243,Tanzania,728861.6472110215
TZ,834001003,-0.402207022546354,834001003,-0.8521886188001297,Tanzania,644815.9981347389
TZ,834001004,0.4891335793733071,834001004,0.4924667186560336,Tanzania,479441.5167421156
TZ,834002001,-0.1608305791317522,834002001,-0.4952057604746122,Tanzania,350184.5160262183
TZ,834002002,0.31132611540168276,834002002,0.5038698118680837,Tanzania,665999.289508712
TZ,834002003,1.1681335907837336,834002003,1.4123825990416352,Tanzania,520826.4576107354
TZ,834002004,-0.0895543027890566,834002004,-0.5560508565366834,Tanzania,649265.6354548081
TZ,834002005,-0.257510491924756,834002005,-0.817450736723067,Tanzania,203362.50634635723
TZ,834002006,-0.03386158764547512,834002006,-0.2269350391008314,Tanzania,479932.2303793465
TZ,834002007,-0.18653628020198781,834002007,-0.4616204565420097,Tanzania,332791.2063750886
TZ,834002008,-0.24232399423595144,834002008,-0.4616204565420097,Tanzania,511688.39717457176
TZ,834003001,-0.010130631904627858,834003001,0.13661933559617045,Tanzania,311984.35093391815
TZ,834003002,0.012543767787796284,834003002,0.4705885935441068,Tanzania,142631.27209163434
TZ,834003003,-0.06297214968743955,834003003,0.1235843668115346,Tanzania,315986.6758247601
TZ,834003004,0.26081623526980297,834003004,0.724553545776616,Tanzania,546297.7883552158
TZ,834003005,0.12589937951516447,834003005,0.6835979679576678,Tanzania,384349.2870795327
TZ,834003006,1.3308354519039305,834003006,1.6347175712459077,Tanzania,195789.0368427437
TZ,834004001,-0.09596056961797192,834004001,-0.5534522662160875,Tanzania,562920.7782906111
TZ,834004002,-0.02093425231156985,834004002,-0.31602042892663884,Tanzania,359587.36769032123
TZ,834004003,-0.10643885328807873,834004003,-0.5534522662160875,Tanzania,364346.92150057864
TZ,834004004,0.966870873161561,834004004,1.4433901926701471,Tanzania,304615.3557570731
TZ,834004005,-0.1890763621379659,834004005,-0.4394003958925772,Tanzania,48678.65596080035
TZ,834004006,-0.26081738387638276,834004006,-0.6990522938314585,Tanzania,736712.3480971557
TZ,834005001,-0.11870341325028859,834005001,-0.5112126925788386,Tanzania,734075.5903111977
TZ,834005002,-0.2178566524674768,834005002,-0.4590779911079506,Tanzania,681529.0342981211
TZ,834005003,-0.027037950594456895,834005003,-0.08133501148546056,Tanzania,480879.5259430981
TZ,834005004,-0.27699464701473037,834005004,-0.5124349478502002,Tanzania,318049.8427333351
TZ,834005005,0.876110685048547,834005005,1.4358519121688285,Tanzania,380931.1530019622
TZ,834006001,-0.008650371086962944,834006001,-0.2507191235208901,Tanzania,359320.7913971639
TZ,834006002,0.25893100459779045,834006002,1.0975417008826551,Tanzania,243987.79424964168
TZ,834006003,-0.19713880006651535,834006003,-0.4854045409620685,Tanzania,382820.0313991116
TZ,834006004,-0.2217322396259663,834006004,-0.807453217262663,Tanzania,240820.78031064366
TZ,834006005,0.008077057582064904,834006005,-0.4809556333809093,Tanzania,44569.19243111783
TZ,834007001,1.1696752469866878,834007001,1.5093122509867982,Tanzania,2187488.465867694
TZ,834007002,1.197654948950155,834007002,1.4083468916310031,Tanzania,1576447.335391279
TZ,834007003,1.2196830123898803,834007003,1.4077213652336082,Tanzania,1849293.4277698817
TZ,834008001,-0.2674738428065068,834008001,-0.9002552642181441,Tanzania,206317.02663942703
TZ,834008002,-0.27637525053222445,834008002,-0.9297406962338364,Tanzania,360453.3151487665
TZ,834008003,-0.23263141235356266,834008003,-0.8063607292678979,Tanzania,201318.1291948738
TZ,834008004,-0.16777386679299452,834008004,-0.4616204565420097,Tanzania,105207.17326844086
TZ,834008005,-0.1027833168539456,834008005,-0.3700533754782603,Tanzania,64953.668030494046
TZ,834009001,-0.25942654962904854,834009001,-1.0150617395550467,Tanzania,248444.74570940432
TZ,834009002,-0.13812981583487277,834009002,-0.7642689851583236,Tanzania,491696.39394103416
TZ,834009003,-0.1720910968958678,834009003,-0.8875011225965876,Tanzania,571399.7518916534
TZ,834009004,0.6245235906537713,834009004,0.4282339646442279,Tanzania,112775.60741612775
TZ,834010001,-0.15390777358254656,834010001,-0.8104217436184636,Tanzania,345245.7615177706
TZ,834010002,-0.22092918326582345,834010002,-0.4392525663649029,Tanzania,423643.4302002616
TZ,834010003,-0.12804493258201627,834010003,-0.2128818867499988,Tanzania,574789.2342097989
TZ,834010004,0.643879290841125,834010004,1.2430526611852686,Tanzania,256986.16709575968
TZ,834011001,-0.25057607073123633,834011001,-0.4726816142165544,Tanzania,524973.3815995997
TZ,834011002,-0.0416620412138552,834011002,0.07139354045410974,Tanzania,359013.58847982396
TZ,834011003,0.8355176362256062,834011003,1.5265801658907543,Tanzania,180823.29859517087
TZ,834011004,-0.027861330837315477,834011004,0.2442179139292027,Tanzania,537443.3465307021
TZ,834011005,-0.25889869389818554,834011005,-0.08393360180605643,Tanzania,105147.82137297383
TZ,834011006,-0.2292246181516289,834011006,-0.20456714892372446,Tanzania,144710.8040350394
TZ,834012001,-0.19038909861139022,834012001,-0.3226800335978003,Tanzania,352434.6852155703
TZ,834012002,-0.009169837021909853,834012002,-0.27652727513766034,Tanzania,706170.4612289352
TZ,834012003,0.14912776285667856,834012003,-0.025438770707078808,Tanzania,275623.237094571
TZ,834012004,-0.004971995425712447,834012004,-0.30185383046989284,Tanzania,379038.2729765593
TZ,834012005,-0.2867914484286858,834012005,-0.3108854850219785,Tanzania,153898.20048759456
TZ,834012006,-0.006652446521180594,834012006,-0.31861901924723474,Tanzania,926446.0692496896
TZ,834012007,1.2163860889380336,834012007,1.2387876253594117,Tanzania,464665.7600220415
TZ,834013001,-0.2554856903506642,834013001,-0.6834252596756025,Tanzania,486552.04451648134
TZ,834013002,-0.2897621170255159,834013002,-0.7774462673118778,Tanzania,580965.0393218788
TZ,834013003,-0.23607054318591067,834013003,-0.6610573694984956,Tanzania,361220.5093897845
TZ,834013004,0.43753705416623934,834013004,0.7851988770023909,Tanzania,178396.13152627513
TZ,834014001,-0.19130822768718025,834014001,-0.893892327392951,Tanzania,589066.7713326022
TZ,834014002,-0.2312239190372429,834014002,-0.8196827830384285,Tanzania,464071.5336724139
TZ,834014003,-0.3167772395209382,834014003,-0.9668151108430348,Tanzania,699659.6578632864
TZ,834014004,-0.30399118169346656,834014004,-0.9604233242372174,Tanzania,737190.3515663341
TZ,834014005,0.5842672271243433,834014005,0.945607376819256,Tanzania,263157.2047772379
TZ,834015001,-0.2136358062800179,834015001,-0.7582309172610389,Tanzania,618404.4627270045
TZ,834015002,-0.14799502450033666,834015002,-0.6977369969207029,Tanzania,336349.36289008835
TZ,834015003,0.2943049872878431,834015003,0.23976900634804346,Tanzania,255629.0205044494
TZ,834015004,-0.20432800150257766,834015004,-0.8013794760388852,Tanzania,682712.8287509232
TZ,834016001,-0.11651712195454215,834016001,-0.6569963551479301,Tanzania,513003.5243898932
TZ,834016002,0.1661069703162573,834016002,-0.4616204565420097,Tanzania,1052401.885027823
TZ,834016003,0.027925021733415305,834016003,-0.6923088589443879,Tanzania,695663.802663844
TZ,834016004,1.2633714757066992,834016004,0.8118369740834945,Tanzania,249526.89975599706
TZ,834019001,0.6847025757431037,834019001,1.1597969272405442,Tanzania,189418.65871341262
TZ,834019002,-0.21175934312280803,834019002,-0.8495900284795339,Tanzania,688460.8805461876
TZ,834019003,-0.07664984582961126,834019003,-0.14997115108559175,Tanzania,1427295.1500748196
TZ,834019004,-0.09728001899317965,834019004,-0.5560508565366834,Tanzania,756334.2051486172
TZ,834019005,0.01217309871609791,834019005,-0.4649261090043647,Tanzania,556857.366656101
TZ,834019006,-0.07642208909717381,834019006,-0.5534522662160875,Tanzania,595138.3749962669
TZ,834019007,-0.16079709554051166,834019007,-0.5822540036596778,Tanzania,820379.7428727864
TZ,834019008,-0.14812353394748695,834019008,-0.6568127201942096,Tanzania,383469.71275003406
TZ,834019009,0.7609475678550912,834019009,1.2633052107463405,Tanzania,149369.46591315567
TZ,834019010,0.20291332039283552,834019010,-0.4392525663649029,Tanzania,370923.1387282849
TZ,834019011,0.9971335174006375,834019011,0.7168766860795228,Tanzania,832591.2602074359
TZ,834019012,-0.19726502041366492,834019012,-0.6568127201942096,Tanzania,853459.2433891883
TZ,834019013,-0.0724317806195766,834019013,-0.3527087146654513,Tanzania,739958.4027351843
TZ,834019014,-0.016847535087204185,834019014,0.9175890573274544,Tanzania,570632.3999214254
TZ,834019015,-0.06861822108704584,834019015,-0.5822540036596778,Tanzania,912956.2499346206
TZ,834019016,-0.27972058874324923,834019016,-0.6344448300171026,Tanzania,350317.6419785399
TZ,834019017,-0.22227906171184664,834019017,-0.6568127201942096,Tanzania,358695.49945503246
TZ,834019018,-0.046723994652838184,834019018,-0.5138112828994346,Tanzania,1182132.883128861
TZ,834020001,0.0959048406187782,834020001,-0.6318462396965067,Tanzania,700850.6108113223
TZ,834020002,0.046670125623615395,834020002,-0.6766844036543515,Tanzania,303400.9826969374
TZ,834020003,0.06863726127272013,834020003,-0.5138112828994346,Tanzania,485835.6500374426
TZ,834020004,0.19018069038101126,834020004,-0.31861901924723474,Tanzania,371792.0702353475
TZ,834020005,0.8449430052638991,834020005,1.3824763338340391,Tanzania,143792.3914908977
TZ,834051001,0.28841790578951154,834051001,0.4600628933243516,Tanzania,105135.83595097967
TZ,834051002,0.07681184923435595,834051002,0.4609185613641729,Tanzania,101539.70020982626
TZ,834052001,-0.05613937260425228,834052001,0.3144862387271196,Tanzania,84942.13317725688
TZ,834052002,0.08768106007667556,834052002,0.4238441467549743,Tanzania,34357.58418078617
TZ,834053001,0.9387857440882873,834053001,1.2280383443572882,Tanzania,481789.9346464329
TZ,834053002,1.0149812119512007,834053002,1.4915111163271535,Tanzania,193623.875541369
TZ,834054001,0.17797073907127137,834054001,0.4906489274447137,Tanzania,117544.12801706682
TZ,834054002,0.06943609060374449,834054002,-0.6220748381171469,Tanzania,107057.66990056068
TZ,834055001,0.16902582722191045,834055001,0.6663526878107116,Tanzania,107009.31358442461
TZ,834055002,0.0084766000513007,834055002,0.006786076639754035,Tanzania,106939.5586226523
VE,862001001,0.5545181272743178,862001001,0.3774978658625605,Venezuela,389997.94887063047
VE,862001002,0.9202268967728751,862001002,0.9813128743645844,Venezuela,2086450.7106507882
VE,862002001,0.22883707144482313,862002001,-0.33409452238472365,Venezuela,143998.44633183483
VE,862003001,0.5067538178226368,862003001,0.26673712306919706,Venezuela,461526.6024549857
VE,862003002,0.7218052744840338,862003002,0.20969684876734687,Venezuela,279779.8093432467
VE,862003003,-0.05713584550600842,862003003,-0.022507201549167574,Venezuela,259625.44655904899
VE,862003004,0.5791581677436988,862003004,-0.11238590830078816,Venezuela,140973.1241715831
VE,862003005,0.03244511425978843,862003005,-0.6089700579933756,Venezuela,91004.87906941124
VE,862003006,0.45204233998869675,862003006,-0.33409452238472365,Venezuela,121440.75875268459
VE,862003007,0.27770824302891167,862003007,-0.33409452238472365,Venezuela,66070.6613465121
VE,862003008,-0.2830663489415668,862003008,-0.5981556740901786,Venezuela,67028.18882582495
VE,862003009,0.005356133272535626,862003009,-0.5401067730460146,Venezuela,50903.524514321885
VE,862003010,0.876558898009723,862003010,-0.7688402990514162,Venezuela,105210.75472883039
VE,862004001,-0.2635546022360204,862004001,-0.33409452238472365,Venezuela,234430.89772317128
VE,862004002,-0.08029490410209364,862004002,-1.110440727979028,Venezuela,108626.08252485743
VE,862004003,-0.15999394041971374,862004003,-1.2140102043038368,Venezuela,65570.12851094335
VE,862004004,-0.3028070443713375,862004004,-1.469686990924023,Venezuela,62023.421882132665
VE,862004005,-0.13807870550351456,862004005,-1.02092500974386,Venezuela,30681.163943750784
VE,862005001,1.0595296677212678,862005001,0.6637111058250522,Venezuela,587180.3676807882
VE,862005002,0.7193006846254495,862005002,0.014203236426380888,Venezuela,422375.5814146148
VE,862005003,0.32594861100946954,862005003,-0.32402687024617743,Venezuela,308390.3358910704
VE,862005004,0.617248682639407,862005004,0.4472338647850883,Venezuela,192466.8267681692
VE,862005005,0.34448780785255045,862005005,-0.32402687024617743,Venezuela,173605.31297923782
VE,862005006,-0.06441543352590305,862005006,-0.3626860516729157,Venezuela,42419.03440151357
VE,862005007,-0.11844621346081918,862005007,-0.4077103024400656,Venezuela,29727.430391116188
VE,862005008,0.31505623463422,862005008,-0.1018904720682088,Venezuela,25925.556126664134
VE,862007001,0.4850299527698794,862007001,0.02623647431097267,Venezuela,740294.6123880813
VE,862007002,0.3911328047641934,862007002,-0.2888088475189243,Venezuela,385026.7593974282
VE,862007003,-0.02044394981700152,862007003,-0.4915121609119356,Venezuela,282474.40366163023
VE,862007004,-0.49980962901474363,862007004,-1.2715091207420313,Venezuela,70594.76000428878
VE,862008001,0.9445793345634689,862008001,0.3257905572619369,Venezuela,1625519.2343661254
VE,862008002,0.7726356334163249,862008002,-0.001944113178042181,Venezuela,379428.76317685895
VE,862008003,0.6896260455093769,862008003,0.014203236426380888,Venezuela,271924.7132545206
VE,862008004,0.08785539075331038,862008004,-0.4982093152000123,Venezuela,173575.90071113934
VE,862008005,0.09528818585056074,862008005,-0.11270485597140552,Venezuela,60954.81664818447
VE,862008006,-0.07782242903963789,862008006,-0.001944113178042181,Venezuela,60204.784835486695
VE,862009001,0.22367718321413696,862009001,-0.022507201549167574,Venezuela,146285.62458594426
VE,862009002,0.13179877511301377,862009002,-0.13563001463916846,Venezuela,104533.28172734166
VE,862009003,0.413527983238672,862009003,-0.022507201549167574,Venezuela,64704.73615684276
VE,862009004,-0.2274359251190986,862009004,-0.4982093152000123,Venezuela,34073.018159836356
VE,862009005,-0.2332592778434704,862009005,-0.881859795097155,Venezuela,35250.42907700426
VE,862010001,-0.07213635043717445,862010001,-0.44485526517808704,Venezuela,230434.802032561
VE,862011001,0.7213519779397122,862011001,0.34552421167618724,Venezuela,245665.67463597265
VE,862011002,0.591925614782969,862011002,0.12352132186084222,Venezuela,247152.50844310038
VE,862011003,0.27198618966274407,862011003,-0.09655750636698246,Venezuela,104457.2097734309
VE,862011004,0.10069342361333061,862011004,-0.33409452238472365,Venezuela,62133.1301696665
VE,862011005,-0.0992618157828209,862011005,-1.152442481474829,Venezuela,74105.54815009725
VE,862011006,-0.07508059202820028,862011006,-0.5731028120407251,Venezuela,58921.542224502184
VE,862011007,-0.06146586515051622,862011007,-0.4962569373667881,Venezuela,54504.12427302561
VE,862011008,-0.13898708027007364,862011008,-1.1076400495170595,Venezuela,49748.578668468166
VE,862011009,0.04444562203260419,862011009,-0.016244103021009582,Venezuela,40464.97706869364
VE,862011010,-0.3621817329672551,862011010,-1.0084390429680197,Venezuela,31413.448079927024
VE,862011011,-0.28938242812500803,862011011,-1.0309991739516775,Venezuela,27967.522616798222
VE,862012001,0.2885719190106222,862012001,-0.3416422653004597,Venezuela,233696.97761483132
VE,862012002,0.26374014708988686,862012002,-0.13326794434253106,Venezuela,192212.70664787962
VE,862012003,0.3731699641331999,862012003,-0.001944113178042181,Venezuela,172206.10599722838
VE,862012004,0.011701801581296703,862012004,-0.4409811976715221,Venezuela,104017.07817946233
VE,862012005,-0.0989732253140537,862012005,-0.33409452238472365,Venezuela,96261.36195660708
VE,862012006,-0.17135648942487858,862012006,-0.7439304898207786,Venezuela,42953.915654862765
VE,862012007,0.24232712007782434,862012007,-0.32783142385656555,Venezuela,31717.111564700706
VE,862013001,0.721674120443544,862013001,-0.09655750636698246,Venezuela,1109626.8398508085
VE,862013002,0.6239112443950761,862013002,0.6066818878259208,Venezuela,244109.83783862478
VE,862013003,-0.08592833778966631,862013003,-0.4982093152000123,Venezuela,207794.56679550244
VE,862013004,0.07241317032248608,862013004,-0.7754896403103781,Venezuela,171149.8355017413
VE,862013005,-0.09878162559785729,862013005,-1.109712022078063,Venezuela,136919.3643901146
VE,862013006,-0.24832622141413735,862013006,-1.5580989444328406,Venezuela,69057.80826784557
VE,862013007,-0.3212345926507818,862013007,-0.8371726351377042,Venezuela,49028.7991486944
VE,862014001,0.5968086503468918,862014001,0.8959151561415666,Venezuela,248058.18910960548
VE,862014002,0.46828890479198865,862014002,-0.14081568725826707,Venezuela,153959.8888850037
VE,862014003,0.36308736987123075,862014003,0.35212378498949604,Venezuela,135428.62467619675
VE,862014004,0.12670067890545186,862014004,-0.07682385195273211,Venezuela,79781.85110559649
VE,862014005,-0.17015544736181296,862014005,-0.5785411666392133,Venezuela,78568.59206247455
VE,862014006,0.027062967603830965,862014006,-0.4982093152000123,Venezuela,59103.15865121203
VE,862014007,-0.15368418467965922,862014007,-0.6294474362830027,Venezuela,51890.61338764465
VE,862014008,-0.125519336086829,862014008,-0.4853888204575258,Venezuela,50767.29591548412
VE,862014009,0.08971212812934633,862014009,-0.8303597244066935,Venezuela,43154.610184339734
VE,862014010,0.08512494177380535,862014010,-0.17975753648363751,Venezuela,32560.458847382666
VE,862014011,0.475704098102791,862014011,-0.001944113178042181,Venezuela,423641.1668802536
VE,862014012,-0.38509918193358683,862014012,-0.5523493669839896,Venezuela,174531.1254518657
VE,862014013,-0.049417745036230254,862014013,-0.7042215658613035,Venezuela,131984.74199131527
VE,862014014,-0.08666649496121412,862014014,-0.5401067730460146,Venezuela,80190.61463284795
VE,862014015,-0.1841959270701528,862014015,-0.11270485597140552,Venezuela,56458.31818251894
VE,862014016,-0.30719035489128776,862014016,-1.7476389493644082,Venezuela,56818.33690109825
VE,862014017,-0.36537584808621565,862014017,-0.8221943490733417,Venezuela,44191.05073118568
VE,862015001,0.865542718003204,862015001,1.2069173513677904,Venezuela,1050245.4099653503
VE,862015002,0.5340590107717924,862015002,0.8705521315712209,Venezuela,412661.65557646705
VE,862015003,0.7976375306171646,862015003,0.7601829150781667,Venezuela,247387.1945734327
VE,862015004,0.668086506023916,862015004,-0.016244103021009582,Venezuela,305263.30564549327
VE,862015005,0.590541302650136,862015005,0.6637111058250522,Venezuela,210519.29282732174
VE,862015006,0.41656637856799794,862015006,-0.32783142385656555,Venezuela,226491.7523926762
VE,862015007,0.6894468858711142,862015007,-0.1018904720682088,Venezuela,142925.23237606892
VE,862015008,0.2544171160332852,862015008,-0.4382732189793117,Venezuela,138179.67714491318
VE,862015009,-0.006552224306137111,862015009,-0.6152207419354323,Venezuela,101867.04991743623
VE,862015010,0.1115535300166767,862015010,-0.4524030080938232,Venezuela,89528.80281941302
VE,862015011,0.26965036349877697,862015011,0.014203236426380888,Venezuela,100753.51812116035
VE,862016001,0.3566894103842561,862016001,-0.11619046191117648,Venezuela,732363.6548653462
VE,862016002,0.3097358382288951,862016002,-0.4982093152000123,Venezuela,104772.76747043355
VE,862016003,0.09217539858819135,862016003,-0.650867515839378,Venezuela,77176.95113249865
VE,862016004,0.034567043801658245,862016004,-0.5626969855133772,Venezuela,57449.925401363435
VE,862016005,-0.028887465663350813,862016005,-0.6472639423162472,Venezuela,53729.92276980108
VE,862016006,0.007876872203964977,862016006,-0.7552697291734354,Venezuela,48383.27271637215
VE,862017001,0.8380253906824282,862017001,0.6272449761970461,Venezuela,175976.9377984694
VE,862017002,0.27946284391072956,862017002,0.014203236426380888,Venezuela,148152.20217088168
VE,862017003,0.572569597011792,862017003,0.6328968895688899,Venezuela,70058.97602534077
VE,862017004,0.8707771372481337,862017004,0.8953300305322343,Venezuela,47118.637367108684
VE,862017005,0.5698101622820684,862017005,0.2464072867428957,Venezuela,49075.152711782124
VE,862017006,0.712593717141025,862017006,0.3257905572619369,Venezuela,37123.965492047784
VE,862018001,0.20102086962472182,862018001,-0.48456471429907105,Venezuela,268683.32607276045
VE,862018002,0.6644601255524224,862018002,-0.1018904720682088,Venezuela,193724.9115022914
VE,862018003,0.404544553885412,862018003,-0.2079563638393333,Venezuela,227899.15086816045
VE,862018004,-0.35472523312227466,862018004,-0.6502616303100092,Venezuela,82033.26326709503
VE,862018005,-0.17803318460996317,862018005,-1.1885700032696678,Venezuela,71474.65939535334
VE,862018006,-0.17916065632483244,862018006,-1.036371975067985,Venezuela,55853.63706448656
VE,862018007,0.298394097043077,862018007,-0.7042215658613035,Venezuela,63625.18583846678
VE,862018008,-0.13342216732782008,862018008,-1.2259818670051947,Venezuela,43467.672692790446
VE,862019001,0.6366883775852256,862019001,0.014203236426380888,Venezuela,360977.95351184724
VE,862019002,0.49294398468627965,862019002,-0.1018904720682088,Venezuela,173260.6951785388
VE,862019003,-0.014406175111040715,862019003,-0.3606186580724375,Venezuela,93452.58654195527
VE,862019004,-0.16139778307051827,862019004,-0.6599818330632469,Venezuela,59644.06830330282
VE,862019005,-0.06902722018680447,862019005,-0.482061965595589,Venezuela,48705.06469900976
VE,862019006,-0.11486820246314111,862019006,-0.7177450022818664,Venezuela,42889.66359718561
VE,862019007,-0.11662880286925961,862019007,-0.8303597244066935,Venezuela,44602.4599596037
VE,862019008,0.35663682226974136,862019008,-0.4677804238458499,Venezuela,34595.84964069433
VE,862019009,-0.12003530517110528,862019009,-0.4982093152000123,Venezuela,36818.30704006294
VE,862019010,-0.19715270067627882,862019010,-0.6089700579933756,Venezuela,29037.157972401248
VE,862020001,0.628280633656073,862020001,0.35212378498949604,Venezuela,463637.90358634153
VE,862020002,-0.007982757985805056,862020002,-0.33409452238472365,Venezuela,209082.64313053238
VE,862020003,0.7802136434567171,862020003,0.3096432076575138,Venezuela,227478.47350410226
VE,862020004,0.597437811729256,862020004,-0.022507201549167574,Venezuela,147400.09018452265
VE,862020005,0.24078754806659972,862020005,-0.1018904720682088,Venezuela,110420.10169387696
VE,862020006,0.5553661286871012,862020006,-0.001944113178042181,Venezuela,98721.277978938
VE,862020007,0.27334090715546866,862020007,-0.022507201549167574,Venezuela,66222.3807411963
VE,862020008,-0.327829337189973,862020008,-0.8303597244066935,Venezuela,21181.306191401738
VE,862021001,0.49004463707979184,862021001,-0.022507201549167574,Venezuela,235905.1168467609
VE,862021002,0.19963670697420172,862021002,-0.2463907574325319,Venezuela,145810.30222854888
VE,862021003,0.15027660652174174,862021003,-0.44485526517808704,Venezuela,142610.34301886725
VE,862021004,-0.10392591988004796,862021004,-0.7707425758566102,Venezuela,98439.70811643076
VE,862021005,-0.2043977773757546,862021005,-0.9752974147159712,Venezuela,68360.9357627617
VE,862021006,0.07647920798687449,862021006,-0.4677804238458499,Venezuela,36140.54796472724
VE,862021007,-0.06239004330762293,862021007,-0.9562305770021116,Venezuela,43150.50525167464
VE,862022001,0.052918266587685316,862022001,-0.07682385195273211,Venezuela,210327.47767724938
VE,862022002,0.14276329952273106,862022002,-0.2792244382884082,Venezuela,121661.04728464266
VE,862022003,0.1166108740177913,862022003,-0.32402687024617743,Venezuela,98674.04521066189
VE,862022004,0.5553159438111273,862022004,-0.001944113178042181,Venezuela,98417.93852807017
VE,862022005,0.006936985407523001,862022005,-0.5401067730460146,Venezuela,67528.68302563843
VE,862022006,-0.20545420547625942,862022006,-0.7066519619758282,Venezuela,51952.40915633174
VE,862022007,0.3646043007503465,862022007,-0.32783142385656555,Venezuela,46493.92360757037
VE,862023001,1.1017494301216073,862023001,-0.022507201549167574,Venezuela,2271028.378702986
VE,862023002,0.6448133118320925,862023002,-0.3087204415116591,Venezuela,612897.7017319017
VE,862023003,-0.0004945120811831343,862023003,-0.8659940837245381,Venezuela,269713.7100227255
VE,862023004,0.13847966239028556,862023004,-0.4677804238458499,Venezuela,243999.166656739
VE,862023005,0.13521188462016445,862023005,-1.2593449152417484,Venezuela,282140.07774164533
VE,862023006,0.10332799787236165,862023006,-0.6599818330632469,Venezuela,87538.7836685417
VE,862023007,0.13182928238843097,862023007,-0.7707425758566102,Venezuela,99674.375859967
VE,862023008,0.19202317563281446,862023008,-0.44485526517808704,Venezuela,89643.65795561549
VE,862023009,-0.023308898751891783,862023009,-0.650867515839378,Venezuela,67438.2416547231
VE,862023010,-0.14484412363202948,862023010,-1.0139615269354036,Venezuela,104668.98136682222
ZM,894001001,0.061263637162801095,894001001,-0.462337088669301,Zambia,1149871.1045902015
ZM,894001002,-0.18623363118597105,894001002,-0.7545829044763604,Zambia,285796.2078417637
ZM,894001003,-0.2822402843001893,894001003,-0.8783108867691529,Zambia,190650.84140891465
ZM,894002001,0.7553304486462878,894002001,1.3615851789936697,Zambia,99909.97227555791
ZM,894002002,0.6974283128953326,894002002,1.1210165297746295,Zambia,259769.0858064865
ZM,894002003,0.4931323420417403,894002003,0.5947379548938921,Zambia,141708.2952265018
ZM,894002004,0.9487256744910046,894002004,1.174975339545666,Zambia,622565.5837295748
ZM,894002005,0.7119375417565678,894002005,1.1122697348479396,Zambia,163014.1532138067
ZM,894002006,-0.17216576991303656,894002006,-0.7103362625389182,Zambia,329477.61478575226
ZM,894002007,0.7070255545974744,894002007,1.2946326283312808,Zambia,179756.64315831556
ZM,894002008,1.002552396817635,894002008,1.0232386437845922,Zambia,551615.3662627012
ZM,894003001,-0.2901697761362395,894003001,-0.8874092425338286,Zambia,124656.8512199406
ZM,894003002,-0.0350821129688414,894003002,-0.7393166958315459,Zambia,618372.0513023734
ZM,894003003,-0.17642796474926437,894003003,-0.8122177818007025,Zambia,303019.4067255457
ZM,894003004,-0.3394795001665589,894003004,-0.8912597142014561,Zambia,407210.33588490635
ZM,894003005,-0.28814126596552997,894003005,-0.8523450275387164,Zambia,486275.01907194825
ZM,894003006,-0.3512112522004388,894003006,-0.9092748800488434,Zambia,127264.12928555542
ZM,894003007,-0.18327307700898832,894003007,-0.8783108867691529,Zambia,159794.42696427435
ZM,894003008,-0.14171022899168165,894003008,-0.7652554706665184,Zambia,340906.1812643964
ZM,894003009,-0.09431914158089266,894003009,-0.8379845218045417,Zambia,257916.9320671215
ZM,894003010,-0.21447047722044188,894003010,-0.8783108867691529,Zambia,109896.34524422136
ZM,894003011,-0.19797085269779927,894003011,-0.8874092425338286,Zambia,155133.00361415633
ZM,894003012,0.047810262250672975,894003012,-0.7956270933304671,Zambia,484686.4660501594
ZM,894003013,-0.2309222983919972,894003013,-0.8783108867691529,Zambia,145158.52469483326
ZM,894003014,-0.20608733563173293,894003014,-0.8783108867691529,Zambia,378020.4193435019
ZM,894003015,-0.1659077765886012,894003015,-0.8783108867691529,Zambia,126164.13930518218
ZM,894004001,-0.09675357877271959,894004001,-0.5511173572757612,Zambia,327877.05558470136
ZM,894004002,-0.1343088738602731,894004002,-0.529890346037876,Zambia,157522.7964463047
ZM,894004003,-0.04535580051197403,894004003,-0.6642908945208269,Zambia,427912.8817132328
ZM,894004004,-0.10876600484269264,894004004,-0.529890346037876,Zambia,133884.66537511154
ZM,894004005,-0.20893575683724067,894004005,-0.8783108867691529,Zambia,239177.16063880143
ZM,894005001,0.5137346061393767,894005001,0.3410062790233677,Zambia,777994.606163061
ZM,894005002,-0.10595425112132824,894005002,-0.5701101605782221,Zambia,31296.828213611607
ZM,894005003,1.3973685334967858,894005003,1.2967292665978185,Zambia,2039115.827526205
ZM,894008001,-0.20397767485637333,894008001,-0.944127176742078,Zambia,134943.44720440637
ZM,894008002,-0.14645791946285336,894008002,-0.8874092425338286,Zambia,174164.28375931605
ZM,894008003,-0.15584906479702226,894008003,-0.9193550756232596,Zambia,120869.09490458354
ZM,894008004,-0.12936068897622943,894008004,-0.8874092425338286,Zambia,85412.17665942531
ZM,894008005,-0.08095806052627076,894008005,-0.8980818087239867,Zambia,64032.035950593156
ZM,894008006,0.1752440393339388,894008006,-0.3386091063765085,Zambia,324986.62641689717
ZM,894009001,0.15106807187072402,894009001,-0.5168492690358998,Zambia,298624.54383719503
ZM,894009002,-0.3617428056267776,894009002,-0.9664511749345824,Zambia,69715.07114633571
ZM,894009003,-0.28839646179072065,894009003,-0.8903427710853636,Zambia,208189.9830567004
ZM,894009004,-0.3222264035165419,894009004,-0.8442974030672723,Zambia,477176.204823847
ZM,894009005,0.7209509547281537,894009005,1.340827308154561,Zambia,176524.53780086074
ZM,894009006,0.15653501149085416,894009006,-0.07333771425847156,Zambia,259962.79393026885
ZM,894009007,-0.11831464211175907,894009007,-0.5143944816623365,Zambia,212667.94755926597
ZM,894009008,-0.11447466029232294,894009008,-0.5717043880726159,Zambia,117234.98765660966
ZM,894009009,-0.28185205451373285,894009009,-0.5980969552783041,Zambia,119622.16251512853
ZM,894010001,-0.25424744079089345,894010001,-0.9695938233783058,Zambia,149320.249325823
ZM,894010002,-0.24170207221379286,894010002,-0.9187450779484292,Zambia,214069.05463838697
ZM,894010003,-0.31112463325796275,894010003,-0.9359457640934948,Zambia,110943.76032548942
ZM,894010004,0.13407429590439193,894010004,-0.5998076425374365,Zambia,218469.36483256085
ZM,894010005,-0.2831948391675992,894010005,-0.9313869599394704,Zambia,224813.97511516555
ZM,894010006,-0.14299340114652864,894010006,-0.8746690257312209,Zambia,119148.19956436362
