,AL,AM,AO,BD,BF,BI,BJ,BO,CD,CI,CM,DO,EG,ET,GA,GH,GN,GT,HN,HT,ID,KE,KG,KH,LR,LS,MA,MD,MG,ML,MM,MW,MZ,NA,NG,NP,PE,PH,RW,SL,SN,SZ,TD,TG,TJ,TL,TZ,UG,ZM,ZW
AL,0.5665846274670974,0.3399790958577129,0.6273019279122776,0.4246972904028318,0.5902239288270219,0.4952310044318338,0.6520414069439352,0.6296776261933206,0.7562658177285718,0.5531470030419096,0.6456589251817813,0.2824310550221457,0.1622316719586237,0.646305283435752,0.6167890367084361,0.5375081806995513,0.7740745786106104,0.4036075687157982,0.5457492671204728,0.5531490045783631,0.4252492162613989,0.4035808880454184,0.568857932368738,0.3718866819627706,0.6614230599775385,0.5190366878306765,0.3530029095524348,0.6387833650246968,0.4723952584478611,0.6770910220291444,0.2990369230730494,0.3790367416810245,0.7106869611385205,0.3720101824211876,0.5622940917333431,0.6301228860840388,0.52684134452344,0.4261057539929135,0.4960615902211019,0.7359061505634613,0.5808596363955187,0.3414333776170925,0.5454429945898653,0.7934528868377249,0.5501088843947872,0.5403999100246707,0.6265132040233843,0.596805943454106,0.4798355127217751,0.5804229458542303
AM,0.4636749105263775,0.5191633484714924,0.5603021913860242,0.0986136506611141,0.4739022782105085,0.400789324761807,0.461213985339685,0.5171849528882122,0.4314636352407748,0.4380682598910598,0.5517695446195358,0.1830686204758732,0.0296781038488621,0.5633233005776849,0.5829195075765896,0.3585865149923848,0.605353438343532,0.1161077844879026,0.3795728812614654,0.4183887357428854,0.1885346878357902,0.2958306176474817,0.5793511840836625,0.3060015178499709,0.421761013001483,0.4433728426673461,0.2265976669413909,0.4642446473449424,0.4360462458985887,0.5789266079679193,0.0917659162182661,0.3950590498152016,0.534205830198499,0.2106963123651531,0.4207757234090074,0.3776325812175032,0.3190164232387979,0.2263023060450364,0.3918411318236399,0.3811356243248924,0.4826574566122032,0.2419355314795109,0.4772156111394396,0.7244742779628661,0.5011261432664715,0.2642814179595581,0.4154132114569729,0.4973320946571084,0.4279976952862967,0.6724250918416066
AO,0.5229433297789242,0.2731250259176778,0.6111868788451489,0.5517103880327546,0.6434556078609546,0.5418243514369953,0.6801164669524146,0.6779122956518568,0.8246803094262277,0.5944096072476345,0.7017386432921645,0.3365339346285789,0.2228479085407958,0.7202704108287824,0.5322883989331579,0.5815878411759902,0.8476332796692922,0.3894516889634638,0.5772140286705271,0.548932062513955,0.5576387643314801,0.5220464841114146,0.5823975071764214,0.4472284797830248,0.7280854941279494,0.6223957227054078,0.3964516038423215,0.7176039329485521,0.5935988220464752,0.7409087669098778,0.4115465076748426,0.3947831671692245,0.8222205207516947,0.4512627775135125,0.5948105095432176,0.6385480877462213,0.6677681864214917,0.5478347006547316,0.5713332113983219,0.7435797076581133,0.6706826435043013,0.3346492082784293,0.6936328920752054,0.7853006771144139,0.5411924374328181,0.6361749926488589,0.7028620657396519,0.7327223772349255,0.6322935956261883,0.616822340070724
BD,0.527766306120042,0.2732110325353194,0.7000090547722376,0.5066353708937681,0.6379139689004534,0.5191521256535311,0.6988362654904873,0.6547122372175027,0.8039319874703945,0.5936039884195737,0.6471728366575485,0.3277520252718992,0.4369312552585793,0.7087676752514653,0.495672256746948,0.5557266281038844,0.7564948360697716,0.3950269807111026,0.5670082935467536,0.5106674237159725,0.582432897517459,0.4044540846364874,0.5725794671009593,0.6580929324826904,0.6025389981003754,0.5600607402506179,0.4561385746004805,0.6943691096867279,0.365264703182112,0.721774445101878,0.4365225817600684,0.342676855150566,0.7766755448036259,0.4078789178431388,0.5611786066407364,0.55852561404226,0.6671848335655315,0.5567302498905846,0.5711976110511661,0.7330794281331107,0.6111585461033763,0.267326817016626,0.7555969603059197,0.7783394851424364,0.514996080495901,0.5380082402833786,0.6560508519220446,0.7312390084761405,0.5673287959606382,0.5740949417547162
BF,0.547560990289348,0.2552669137285323,0.6392516310100385,0.3962910637123067,0.5766972856664168,0.441402910899754,0.6262267915979572,0.6054464567403249,0.7056161293111397,0.5355877720276303,0.5975490756883578,0.2610527838997967,0.1449610140589492,0.6339816517541556,0.4485846089863291,0.5035102798160613,0.6597694060007168,0.265693875684352,0.4836428436271117,0.4516055283698687,0.39219769947696,0.3840553194656641,0.525774783061978,0.5833550643008222,0.6012055295902148,0.5609880510212316,0.3389911416604887,0.5854757317202712,0.4525850040152924,0.7076253960271852,0.2634674466994344,0.3294059645905689,0.744507584574866,0.4233704572135492,0.5674972382556838,0.5674542537108435,0.531773633292195,0.467908829716681,0.5280928948194906,0.619447857042548,0.6133280165020829,0.3316660465420257,0.7149905179008705,0.8057917287460542,0.4933214750554646,0.5345360177825947,0.6102886103777814,0.5646201366101777,0.6017036733013511,0.6525374417598422
BI,0.0065932167686949,0.0255481270891251,0.2529438372286092,0.0059931018856238,4.0495641126e-06,0.5439800936897912,0.0555832330813292,0.2486034336674663,0.4197817943332762,0.0164413369261432,0.0680282089774616,0.0261229567779383,0.0804350073570625,0.0602176074466488,0.2062995867162056,0.0305731512882871,0.0554957649152834,0.1189046340934928,0.1503619200864133,0.0001776740447816,0.1871241104470958,0.00169257259763,0.2217491498276694,0.2255439297480849,0.4254308832690796,0.1794008628052396,0.0238194999133594,0.0607561000082581,0.0701107049350618,0.0819049889451463,0.0629178345840287,0.0925430924797535,0.2908356531740555,0.0208187450977761,0.0374817302953897,0.0794933570700855,0.1261990760961274,0.3639302224279761,0.2906275665043899,0.0431797244482866,0.0171275956465445,0.3816668044943786,6.404400027e-07,0.2891113713984051,0.1626898754678068,0.0009076001499454,0.1160278073986466,0.272331804725328,0.2568094883828908,0.308690195308304
BJ,0.3311620989196908,0.2394286328925622,0.5127187855568002,0.4413699883378204,0.6144182278235841,0.5385150808927704,0.4051800208709544,0.6634085829470926,0.7862775665806465,0.5791640289446589,0.7175911322783817,0.3118989108905343,0.3908621668628847,0.6495742271465542,0.5828162858306192,0.5545222598476148,0.7502704065802093,0.2955551795766481,0.5337318744656578,0.5086720469780641,0.4567205964133134,0.4422641073498478,0.5716088459561713,0.408923260450465,0.6529690312755589,0.5515774005600117,0.3993559256580983,0.7122232889806585,0.5386835492226474,0.7401053703155708,0.3357297430908354,0.401945502462393,0.7794552004458054,0.4125246031331205,0.6152560541943263,0.6629905714157445,0.6051668337806279,0.5048366573212576,0.4861417951523184,0.6741250968298567,0.64010321929123,0.3255327967954638,0.6985175653031956,0.8114747780884656,0.5749131943303951,0.6026927167248693,0.691907719584089,0.6068910222178806,0.5742193007315818,0.641872402269115
BO,0.5724057974768746,0.3294742724187549,0.687530160147717,0.4817985914619899,0.6248519197503745,0.5134596478519057,0.6393887934231139,0.696242377751788,0.7628369807270087,0.589555311155368,0.7050807773071409,0.3731324777058553,0.3714153114840549,0.7006107357378782,0.7001575114823194,0.5855448713009969,0.8267502332887348,0.3659329950614728,0.5669819776154649,0.5314546249626312,0.5521225457515027,0.5312565011312194,0.5029586650874267,0.5201686462342819,0.5892800386953422,0.6288537767825653,0.3787908938323726,0.6277500723377863,0.6171260411739331,0.734313377129217,0.4253267595698207,0.4438361123683,0.746062429870516,0.3794144336521644,0.6478410823779308,0.6857149650753288,0.6274930155633758,0.5383065820840385,0.5239763411493787,0.6915838620030914,0.5672514670215753,0.3906317135390742,0.5889484598528132,0.7931482213927685,0.5327349152666604,0.6406670843628767,0.6664789806214109,0.6529559889273653,0.5725416324388205,0.7266503112080942
CD,0.5695814611955536,0.3237877025192676,0.7101694028482562,0.5771841345926542,0.6608612368218708,0.5255575352894986,0.6882197246585167,0.6961179001261552,0.6610797921955431,0.6139885448407992,0.7069203634701824,0.3862987960004882,0.3723657592090832,0.7013399192414618,0.5839139231836742,0.5859568725447146,0.8305895763848778,0.4006030800745253,0.6287240222798415,0.5430073951949259,0.539832699820324,0.4729655703953505,0.630699038538228,0.6328844674379285,0.6906434980306616,0.56191184363047,0.4143573872177626,0.7525303640876632,0.5677915279782927,0.7488053679269998,0.4326386362631249,0.4343616086260839,0.8153593855081779,0.4528597300251295,0.6403969614640701,0.7080032115665291,0.6765476648137769,0.5736680045484404,0.5733910107692155,0.7891347287223652,0.6585009963033633,0.2974911067567361,0.773065055601358,0.7792215958403396,0.5540317800464901,0.6427450495080914,0.7502402167147955,0.7348183634739545,0.6121847687630941,0.6611445399455
CI,0.5164714119770573,0.3488185138589774,0.6588035673103037,0.518175818051088,0.6542591215754269,0.5300747198664143,0.6969210306572384,0.6661991768196339,0.7402339569987946,0.4399419656925375,0.6705471520013755,0.3537037557679771,0.4895542536537159,0.7070090314593442,0.6042391158466641,0.5668275461966217,0.8110794549796553,0.4105855621286449,0.6006595522704177,0.5145801567844528,0.5516657373630407,0.4425462001793657,0.5995795280734227,0.5539747312521857,0.6372948563807637,0.5802739119836714,0.4124254829689172,0.6931622814655364,0.4730928562502735,0.7153821730835824,0.4172564757190662,0.4126342810927729,0.7737086452723346,0.4176890580579448,0.5861138537138064,0.6520445802329538,0.6465812883579027,0.5760120296918835,0.6096084966654554,0.7387096573160636,0.6236720015878924,0.3102927765377873,0.7206159109311653,0.7922122395715172,0.5462101338986559,0.5998401441508816,0.6933253404824291,0.6961815794648155,0.567220055924277,0.6139016886594616
CM,0.5743871266511361,0.3281255233051232,0.6688355982656577,0.5054613519387695,0.6559032980359485,0.5339743480021537,0.6547838856374395,0.6941571031505801,0.7430517607415364,0.5613630404869691,0.7213896826780746,0.3306912805203517,0.3013987624918906,0.7379627648736041,0.6158602469581184,0.6348646740957203,0.8364942946505638,0.3377817127855021,0.5744363157914943,0.5564131227797714,0.4794619196962562,0.5030566102019534,0.61539574727073,0.3763855800700757,0.6596934679554896,0.5646010745116586,0.4133071700118988,0.7283496314754616,0.4879915510575226,0.755560022272609,0.3574790945435781,0.4204489391444329,0.7695017280645574,0.4605812568692988,0.6833613020553755,0.6787892799292912,0.6291412300708611,0.506845802540284,0.5616501141297786,0.6711809947551917,0.6828322182320906,0.3602122550528349,0.697825603056543,0.7671002136906987,0.5656958261616565,0.6186650908954587,0.7235398864255937,0.7124232476628998,0.6023351302073596,0.7073822516952792
DO,0.5674254843128009,0.3346672902354014,0.706961471327499,0.5817591142588036,0.6310389222944569,0.4915436304804578,0.6564506585980345,0.6898579578928484,0.7006972614226089,0.6049741610247517,0.7274360162189014,0.3379841656716261,0.4488969911169508,0.7121312247023417,0.5243897795821821,0.6180713692541271,0.8308971385099143,0.4421266986467825,0.6031827747368702,0.5527008126808183,0.5744094009191796,0.4948211820366948,0.6426875023728565,0.5122901729033954,0.6504410145273873,0.575247970242293,0.4452912027346593,0.7337793378810835,0.5290014883739994,0.7174190728976642,0.4657982732166198,0.3375598455875141,0.7713334404259459,0.4280518494491897,0.5915660922952796,0.6563074428878148,0.694138477324108,0.5992302807835768,0.5288634270292746,0.7274414222256411,0.6236603460264358,0.2669054400057299,0.7263666212865919,0.7915067165835734,0.5977285172194359,0.638511022564594,0.6601207840490696,0.6587371061006678,0.586724686823548,0.6854968230190264
EG,0.0892398952281032,0.0671824047540699,0.2644528254388097,0.4176556214030402,0.234959779986856,0.0877148541245594,0.4672325336516494,0.3335331071896971,0.3013710247851965,0.3723676616170682,0.2900589110755928,0.1671795089849375,0.4468332301492871,0.3666795086760232,0.167546434946698,0.4744214809657554,0.3284932778418671,0.3806172421866756,0.2231191633236268,0.033083841731653,0.4387646383286772,0.3733556034162305,0.1478927867045051,0.5716170734888883,0.2900464491675268,0.3829609820452919,0.3274454001597808,0.488661888902351,0.0078703639818877,0.2782628884937772,0.2728250039084485,0.0331016413199889,0.3825828574840892,0.2238138264839847,0.3132751835131917,0.0104241277558502,0.4547115747293706,0.3653514672008076,0.1112742418562879,0.4693595850257459,0.2297720345038281,0.1214242263299,0.5130303261056951,0.4962277571980185,0.0900333570271141,0.0590021065765114,0.2810357406435597,0.2690639852205517,0.1862553223636005,0.0731427249844537
ET,0.5208139750685131,0.3144009703543298,0.6346927649037168,0.453092731614786,0.6379867387476665,0.5430764010072683,0.5624258360032489,0.6153767863421791,0.8105674436121987,0.4365979193915848,0.5942718445980677,0.231361357253675,0.1381857551232752,0.4772842864351334,0.5851281174459823,0.4850121839926403,0.817696947213077,0.3325426594736072,0.5100172943120792,0.5384946632212759,0.4762387235963399,0.456787532082183,0.542505459494309,0.4197232387298563,0.5875201115638331,0.5420227408692315,0.3007376438116919,0.5892352437647705,0.6660592429889417,0.7167678164552537,0.2593007735072128,0.4043602602672554,0.758205418812445,0.3546577401342127,0.5813470642290743,0.6287611400205445,0.5854261741295019,0.4654079675610251,0.5982642865457065,0.70219138684656,0.6293541928017851,0.3829520024054241,0.6860110716522425,0.7976340233346959,0.502025013026933,0.5758992818139249,0.6815704415985215,0.64371092459495,0.5446135456395794,0.6805286562107513
GA,0.5055843901493693,0.3230558077674381,0.6040432918609404,0.2748472435482094,0.569019157514389,0.4494663634204852,0.5699379615172345,0.6764384203223962,0.6593887842356967,0.5389815068921087,0.6469516823828195,0.3038451035469946,0.0131763136858964,0.6313004631333062,0.646391794814972,0.4918005849920142,0.8325960132054044,0.2490167037209137,0.4480261194289029,0.5191536540523792,0.3867200253998537,0.5219806506129591,0.4327930726415688,0.4878924052991722,0.6756703540795445,0.5386873576877147,0.2451575399134793,0.6528746500679368,0.6886366036967134,0.7051297170831059,0.3075140784076922,0.3792291539878452,0.6143997453998824,0.3337179510924432,0.6279704107137901,0.5611355445564994,0.505813408046982,0.4359802891439259,0.3654602059122988,0.6429484153193809,0.599354697221398,0.3154806649078015,0.5565023384441609,0.7715943155933097,0.5220374474302052,0.424297000934159,0.6001012940909984,0.5601862826638578,0.5092877806855208,0.7582994560656956
GH,0.5482817687536548,0.2600950906389316,0.6356630819049595,0.5519997588793157,0.6533933080844863,0.4525502275135946,0.6099279111382169,0.6207743791787667,0.528045748625109,0.5760102985907208,0.7127829074498123,0.3401953155268251,0.2754382274402819,0.673490475323966,0.3936392527583302,0.5363885767370283,0.7547627311849414,0.440149548743417,0.5825610906099981,0.5004863739970373,0.5604533644290356,0.4670359780286175,0.5692434534681193,0.4382233052714775,0.6241894376332756,0.4135356342184526,0.4387433571414402,0.7168336992523074,0.2577455206204102,0.7276270750263469,0.3796506752456236,0.3569486713469154,0.7060348018463688,0.4605160522294662,0.6736330921075536,0.6463780065258227,0.6092237593327432,0.5036612559343248,0.6160370147926737,0.6775864711953701,0.6104517936948125,0.321060450636718,0.6417225879196914,0.7518800945831519,0.48746288470518,0.5787919074066357,0.6183213515857725,0.6088953409354094,0.5317278638647445,0.5123082717727462
GN,0.467229284395358,0.2736391896403144,0.6596249390438571,0.491594854786592,0.5708337548701267,0.4343047684773637,0.528863350544697,0.6416586098390554,0.7134892553936163,0.5467222491538055,0.6452123949372592,0.2801264574748644,0.1335920700644616,0.6403680190635751,0.4748788530246473,0.4576110280210972,0.7290164176179339,0.2019737489955946,0.5150609897640016,0.4903712437070092,0.4143148220983606,0.3357116180788635,0.5180209835512358,0.4449723347408368,0.619451265215354,0.5754033826188378,0.3819214683489383,0.68314971098471,0.6029352752863736,0.6617014926376417,0.3632154952833315,0.2961918918027688,0.7015405636725055,0.4068579174305429,0.5096781951916508,0.5373043522314547,0.5669107428425862,0.4655959934981255,0.4938791227700071,0.6539405214495523,0.5685959645238524,0.2054597241125685,0.6441763793853191,0.7756059563742039,0.5069275803501331,0.5748721280784355,0.6746080721405215,0.6394312035654022,0.5262038511453164,0.7055384972185629
GT,0.5518639277260714,0.3720154047528373,0.6548232844903802,0.5055629515922725,0.5241867073417383,0.473151002783398,0.6286261493747981,0.6121610392780104,0.6345984132563439,0.5449595801223948,0.6257455109331068,0.3364943490676912,0.4107936998977768,0.5949683557978098,0.3723682174461886,0.5794923771869789,0.6988523717275025,0.4968456357805462,0.606728459236124,0.4765900820525347,0.5561163130846875,0.3847034074664938,0.6399173184316419,0.4434554675616319,0.576824486688379,0.4390018636818252,0.4244939739977848,0.7196842821488982,0.3942900721003994,0.6659124267115808,0.4258689561140414,0.3599142450415342,0.7118136392221351,0.3439676770981608,0.5355925513023813,0.5620816104135848,0.6645760714703037,0.5366516044960077,0.5806250238082262,0.6944024186055199,0.541874359711119,0.3340417175660497,0.6379686313922487,0.7435844790956088,0.5255103682120686,0.6052632957379882,0.5751888112357593,0.6431710824272574,0.476816442574958,0.4864597832463793
HN,0.5797501165616539,0.3682263053868397,0.6510505244740167,0.5443042818452585,0.585412649666515,0.4759668395498901,0.6876907872034679,0.6700028985810035,0.6615850606619925,0.5654153883052994,0.6878856745594132,0.3168435834625223,0.3053704997639148,0.7071454649260375,0.5230894487891153,0.5907921379754764,0.7481719032512176,0.4699322068416133,0.588521166888362,0.5260651935480612,0.5205062713443812,0.4228417907715021,0.6208406534502278,0.4945341222594878,0.5443880583777255,0.5284593346990286,0.4089785078403703,0.7046739585339763,0.3961957267548596,0.6818038355993529,0.423207942460529,0.3398246194440298,0.7791280979300771,0.4496039929220385,0.513359724824266,0.578130286685326,0.58461048926481,0.5436245699616025,0.5770569880209255,0.5522426581199597,0.6388884841372044,0.3198715955033589,0.6081043657607381,0.7365127615337058,0.5102934301121851,0.5943832346423386,0.6181164956268557,0.6167350284507714,0.5361833729455702,0.6801192211162554
HT,0.4959552001647362,0.2831819064592597,0.6082107742040983,0.4032072757311154,0.5629481611450965,0.4757321522568977,0.5100878968172119,0.6098185915705875,0.5269917880381064,0.5363073240739142,0.583355362594013,0.3397288797363499,0.2903594509928881,0.6020334699178569,0.5674757899159418,0.4758885663266305,0.7412525744027597,0.3946937425132969,0.627202994378268,0.6079123529569865,0.4749730787068719,0.3029090552389736,0.5723235732130622,0.4839981602368137,0.5099629801730946,0.5486382008613743,0.4245553133374251,0.596134767313903,0.4264006342809092,0.6339445919461164,0.3663116006896078,0.3444125517809288,0.7150364788591954,0.4134888200012777,0.5416359681366564,0.5793211471486337,0.5714642864792157,0.509460327069655,0.4674982800369591,0.663548244401431,0.5280154116254311,0.4172865998210861,0.5459586703812264,0.7214420159506185,0.5246791796140376,0.581174265411139,0.6088284723670433,0.3923029533289184,0.5268767389448165,0.6475674217815025
ID,0.5001322973398851,0.2719679238389739,0.6294965655190516,0.6099618434482624,0.6491011410322864,0.5367090144247447,0.6846677068971537,0.6660854669562885,0.7160974625869814,0.6183878937752606,0.6574290373158183,0.4023512262186538,0.5701730794269384,0.5940714329236456,0.5269146306781748,0.6003453112541548,0.795230487330779,0.4577971431098092,0.5911180666021102,0.4947313275626409,0.5249757101703112,0.4764697704593351,0.5896989316913845,0.6606919846852648,0.6032525039319974,0.4809075953657998,0.4481165384838629,0.6764021457853799,0.3930922822577588,0.7172406904893138,0.442683576554464,0.397231384138042,0.7569099134047846,0.3938999974004077,0.589103547681676,0.6565406912235491,0.6957997903766425,0.5779133469895221,0.5870479711382228,0.7390165542243285,0.5879574510214873,0.302778895625017,0.6257352058521329,0.7473853801131564,0.4580815946939601,0.6171341708817782,0.7007094265780727,0.7060852068917016,0.5670124296708385,0.5782589359084669
KE,0.5535101318855901,0.3229287317370351,0.7206277388761436,0.5412847526393065,0.6262804818252544,0.4964331259116531,0.613881773065699,0.7070505338359014,0.7479607998625188,0.5996575218821285,0.7087511898144884,0.3682248653717359,0.4402199952478555,0.714308964757681,0.6952131618864587,0.5948464509620205,0.8206720617685503,0.4563366082691209,0.5882755803950049,0.5170960746987587,0.5711425691547951,0.5705441373664001,0.5889319794703064,0.4630495785520594,0.6773122572838516,0.6165162317675343,0.3568185477782623,0.7080875468730419,0.6725573263392387,0.763680671364042,0.4210088325556431,0.3719545736844185,0.7366973369124509,0.4315550332859868,0.6496319753166587,0.6776802174696864,0.6732207771855842,0.5499822007428576,0.5024025822488525,0.7317160562264943,0.6627114435887513,0.3563493201595595,0.7022611212484223,0.7771432447579932,0.5760774949380693,0.6147223411647359,0.6319839348877242,0.6332943575494211,0.567276550555643,0.7258163361755872
KG,0.4295337366174717,0.3835681428776131,0.4767581310018826,0.3583220315186537,0.5161405992995279,0.4192626363493731,0.5679979119008104,0.4997389102244401,0.58772439275962,0.4373359987703938,0.5122482486177753,0.2826992048782844,0.3298478140493223,0.5212454966888829,0.4183896321490327,0.4278856194524761,0.6513288641036268,0.2811703273224707,0.4470974926200389,0.5298623800453646,0.4002748959758687,0.2692478501320519,0.5318657710524098,0.399068510675558,0.4478330314189104,0.1527600408446054,0.3950234143308038,0.6489151847581706,0.2805591933489844,0.46236261392676,0.3559175036218389,0.2538682485055709,0.4936867058785341,0.3169501984437188,0.3723927659727747,0.4395865788866178,0.4436363153271728,0.431525203904814,0.4605907715357447,0.6670312223770916,0.4025670073138668,0.3073058361202849,0.4842764866211551,0.7449111031353002,0.5377790874461937,0.1795291077930509,0.4492055031234796,0.581209430780054,0.3899282756442287,0.4797890500980516
KH,0.4864583434705193,0.2665752317280763,0.6575987272069147,0.5958256310390352,0.6445289543268226,0.455918333795751,0.668171308131633,0.6274111364184379,0.7824446409764466,0.6009207656032238,0.6396063755832282,0.3320305676081454,0.4886400455684706,0.6980639974866596,0.4419844506607646,0.5908813303199446,0.6731040524131694,0.4111703191948318,0.5431169885415594,0.4955342085993068,0.5660818257696555,0.4491899284698321,0.6154249960489564,0.6214181262402079,0.6120423863540022,0.5565031190180804,0.4484471129030888,0.680559527447796,0.3545950697508476,0.7120209500873994,0.454244543331175,0.3424727203331395,0.729850524326847,0.4166338915667822,0.5044094675448187,0.4859782351414635,0.6121149100864128,0.527477843087967,0.6480022131114076,0.7707303704886483,0.6287052139340283,0.2756506901119583,0.7197728842369105,0.7828408500279412,0.4899315756283228,0.5808772741195006,0.581709737766293,0.6406963350310049,0.5596680290396743,0.5415936410279397
LR,0.4741691576135633,0.2674426666468532,0.6037205768818561,0.3384817038613807,0.6088803672563078,0.4175553053498557,0.6168119701476559,0.6245983250597171,0.6885321561231623,0.4938912798168232,0.6178218627717658,0.1749621439817129,0.0005618393572102,0.5605595225343406,0.6319709118052138,0.4507064450781306,0.7822616789387774,0.1706920115968292,0.4863272397087605,0.5188404746820198,0.2789408333301751,0.36930156788503,0.4980334153323692,0.2249567003606414,0.5434595856856541,0.4886067674549966,0.2105539624152679,0.5912074741292631,0.4825678361336305,0.7119246482370644,0.2893035814042722,0.3457566951289867,0.7397448271624294,0.4014425850941673,0.5496291370663479,0.4783184917146762,0.4602524660080988,0.3252788178347675,0.3853841640885325,0.687668889175012,0.586128162718062,0.3249293348463453,0.6560623921019992,0.7951572953882448,0.4927940158688316,0.5345559864226225,0.6445713349347684,0.5306312730256917,0.5728377696790736,0.6231297043703837
LS,0.3549466969947942,0.2696347792253675,0.5425353107004229,0.139282343078893,0.4432709248713754,0.4255180734049117,0.5007709200850381,0.4487982821648644,0.3926636698979912,0.382281275393865,0.5499473365270809,0.0772634419361569,0.0117262009562195,0.4902494996677459,0.4728169703023472,0.2893606525930607,0.7215600947111671,0.1759379523438192,0.2532187039977499,0.3186991129387544,0.0800862392437538,0.2250779763569096,0.4839198910283188,0.1624077121834932,0.4259742062170729,0.5129746139265781,0.2834827011933234,0.4316555589559373,0.2757386976682156,0.5731736111761633,0.0951181163219406,0.3095824898618065,0.4637444839025613,0.2878839340162502,0.4642155703233154,0.4365057515949157,0.3365721435204264,0.1818634547649413,0.2486298774388241,0.6028310899827983,0.4067397880712883,0.3216068114399998,0.540042695085201,0.6842099915408607,0.4406243995465919,0.4537498099056806,0.4854433020865229,0.44877971946225,0.3949132454304155,0.5470993151596245
MA,0.4691247926618465,0.1587481509297408,0.3583004649361441,0.3546269294697536,0.3232323933537797,0.3339175822683616,0.418817575946355,0.5823126331948728,0.2193186378204189,0.4732224171404236,0.4014515580013581,0.2739007890474655,0.3830972732263874,0.4823127368183668,0.1230482842534944,0.4780308774797931,0.6086082769178965,0.4905636726965075,0.5267162577364108,0.368281217359094,0.5162417159599207,0.2551542988973681,0.5631132697252333,0.5165527716893642,0.1458836272139591,0.3997774624388172,0.3714823950045366,0.6066850801211869,0.0017939174314419,0.3976107663525418,0.3762027298288535,0.0466312435564019,0.5978264787683196,0.2224527229226103,0.2380461536355969,0.4092778481444111,0.5731511873355595,0.4678165821428221,0.5505521795970345,0.1744727917559639,0.4045853519663163,0.245053303118383,0.232384994470448,0.6355711037385144,0.4453680534101109,0.5146851425100748,0.3750807709864701,0.394320670546585,0.2787275236665083,0.1029056168939446
MD,0.5346740794965791,0.3719248376820619,0.6425464368757565,0.3676410430093089,0.6114119148942833,0.4773646853654399,0.6250262389388415,0.6810789082798228,0.6928923663599224,0.5577090634664362,0.6910826936443614,0.2743065573962142,0.2544072910203244,0.6674375483866045,0.6106641644406795,0.5492515027346828,0.7812188648641345,0.3139502998751584,0.5231440090556987,0.5011275962780353,0.4221704032315448,0.4394159238689362,0.6402115152501701,0.5468516318536036,0.6159922018653275,0.5857000583108684,0.3900977599931316,0.6621448683244999,0.4704752433806623,0.6911908765055261,0.3007172091803164,0.4219822257405664,0.7219430093551283,0.4327308245088554,0.57342413654573,0.5765384182334191,0.6374886946984998,0.4517866806027758,0.494788629010012,0.7011729622304297,0.6472370976031201,0.2868636439146546,0.6527721427669235,0.7835924314255529,0.5959984480709943,0.5372301678150984,0.646757434180901,0.5986479219187556,0.5553434042256479,0.6607199245938257
MG,0.5693459392766004,0.32818509878367,0.6815399933095491,0.5145046291499045,0.6204662743689884,0.4967008142143325,0.6135642751008028,0.682799089548622,0.7112167755582786,0.5529018341491974,0.6638192581983046,0.3201018200679155,0.2295215685183546,0.6643443270353627,0.7364166668253954,0.5579825880504287,0.8292654940110634,0.3157610626498247,0.5951384752588024,0.5662451602559408,0.4781915663677879,0.5377806525850808,0.5367738560790254,0.4986433377229814,0.7034432267389185,0.5810250621692928,0.3364630218183404,0.7154214983979594,0.6929821545592247,0.7290620420839731,0.4062281028860376,0.4118419486664439,0.7086851156794879,0.3915608564572594,0.6530992915370245,0.6771207698274823,0.6144309220082147,0.5339879914898084,0.5014929841915156,0.7149981590150978,0.6741308446717893,0.2734283715022303,0.6530571210826297,0.8325354713705035,0.5538673979423804,0.6154021511100876,0.6537426845521233,0.6471773836747456,0.5535714242073803,0.7310331479094776
ML,0.4720808847639588,0.355477524649144,0.6756253801306765,0.3200883936496071,0.6342263654565992,0.5238606395571324,0.6428174791885243,0.6583276361759329,0.7412597037393361,0.4409589495743074,0.705614580021252,0.2428281080931171,0.0287888193151764,0.7103752134359569,0.6532663381827408,0.4939669043050159,0.7260659970193472,0.3204032099706062,0.4477483855275464,0.491920371974348,0.4296493324168304,0.5001435457968691,0.4729439852638692,0.5249158979136446,0.5835418409411225,0.5569858283498537,0.3053152221078028,0.4827985094077474,0.6257717607016767,0.526569881512359,0.2451081704500176,0.4524669491105847,0.5864804429128277,0.3557052669004123,0.6298458118713265,0.510339410568448,0.5492293857543613,0.4558991911668925,0.4684658644759664,0.619709378118946,0.6537812663817244,0.3386046951144136,0.654153580698395,0.7944401207771278,0.5637016530392363,0.568374751776089,0.6367051936326716,0.7161973082024842,0.5172103239601693,0.6915368265935525
MM,0.4259391353551497,0.2629123792627203,0.6399014377870857,0.4749077092460735,0.5553888260087494,0.4301123891694904,0.5924677556313463,0.6479778645155323,0.5281172960339878,0.5746493979248695,0.5507123027971113,0.3238933692528627,0.436537508180357,0.5642479261162865,0.4739310237439209,0.4798985636293442,0.7881635915964929,0.4297101470934058,0.5986124512061757,0.3278325729747014,0.5112769646060034,0.3733649426343458,0.5710796394340437,0.5863578285159308,0.5996890417211673,0.5666565737905289,0.3973468371142358,0.6799127538350626,0.2962211134656,0.6962809304996372,0.546119954302501,0.2860866170085093,0.7172145748496435,0.3287104749904243,0.5099738394838433,0.5871370911303152,0.5537506463385189,0.5586017821910177,0.5104447156650153,0.6668697276891908,0.5884814624426553,0.302039096479569,0.5763308276825864,0.6467704212671538,0.4781922803984383,0.5801387201272856,0.6163122638586747,0.6302785760588228,0.4849691478401174,0.6492631266545074
MW,0.3456225427306716,0.2346959982917935,0.5117868192817946,0.2178243354247472,0.4679396101166881,0.5222303955677805,0.5927781170930341,0.4889395970936088,0.5766216787072391,0.4019906701641916,0.6298058065912346,0.1331426032857076,0.1694674355192701,0.5734094210339512,0.5874458539674914,0.4727782022627722,0.6195724127921892,0.201843621277001,0.2706071169425331,0.3862030151647667,0.3026430405415183,0.3460745293792132,0.4253641784875627,0.2563316379625521,0.570311939610841,0.4087123119508314,0.3033469305447056,0.5735071704638702,0.4669860233951384,0.5528827912811161,0.1963596814926655,0.4935424121143657,0.6978344100463196,0.3368670174215264,0.532089636260911,0.317572344347798,0.4303135609343337,0.4019689545537491,0.3138706491971796,0.5359362352332041,0.4764790666116455,0.4323667932664549,0.5689813110227998,0.7128042746501257,0.5077167497053635,0.2854604285539388,0.5365341385621714,0.4915757663439658,0.4874265082489587,0.5881377416117157
MZ,0.5852560630178357,0.2977333654176139,0.6682547507010212,0.419191443003175,0.6331684689254556,0.5052098775184954,0.6234322801048767,0.6347510784729339,0.8283956697435023,0.5057847646566023,0.67443203447097,0.233565471933313,0.0493204270904271,0.716478695502312,0.549548341715745,0.5908894561673155,0.8069576558631095,0.3524743084351135,0.5670085964150867,0.5103511871528021,0.4078823822039336,0.4369925039510761,0.5336624645232945,0.4311805104448673,0.6956977629599193,0.573996071342917,0.3934670398338638,0.6701057462994764,0.5691916337677622,0.6567664168295922,0.3200442946772222,0.3434164210108105,0.611360816967869,0.4139790669298806,0.5357234394866061,0.5944492046904928,0.6142892058250393,0.4959427707978816,0.5813086110751162,0.7192404854180315,0.6057180651278223,0.2606293328291422,0.673656399472287,0.7761612436422317,0.5276673750302903,0.6014034660858012,0.6432131087491495,0.6404011740431423,0.589803057929069,0.6579478233032835
NA,0.5739375450072964,0.2961297949912789,0.6953993382856949,0.5973565625475823,0.5784256102942648,0.3731009687653966,0.6145667105413756,0.6023619576860814,0.6979725393254886,0.6001986156876312,0.6955750268212434,0.3410048055466623,0.4828065535075406,0.6185605243468071,0.4488285211157472,0.6153069191128002,0.8069722943838785,0.3603939652403362,0.5821687621985816,0.4354378633162077,0.5326828590277964,0.5278536531909694,0.5927573438661511,0.5176962101209163,0.6319589252021852,0.5831314302443986,0.4425148275331895,0.7334522019159563,0.5431416336913854,0.7012049287053609,0.4554655598579548,0.3363510925649284,0.7157543491487425,0.197448563962427,0.5543156761003046,0.6205963615796941,0.6330161306549531,0.5365319717058198,0.4080862231334587,0.7210322796030079,0.6268448161396255,0.2803232281921654,0.6415049989641423,0.7389644066944798,0.5085841837395678,0.5884034448754747,0.5910439091696416,0.6145687778355505,0.6190626441618202,0.6790937249283842
NG,0.5710200692376389,0.3228617354789571,0.654659019884429,0.5906105433029057,0.6524177841674356,0.5280709669235357,0.6549096436997639,0.6714772285940009,0.7404384949478683,0.5947657361895717,0.7581517134365569,0.3591761140968292,0.3793354839869387,0.688258889212446,0.6920321654294869,0.6198138903985198,0.8286744710652582,0.2938991881586313,0.5697505682620314,0.5442135258315868,0.53415127587694,0.4685090709169624,0.6375071777438819,0.5837437352693976,0.6606200658013984,0.5611396184830687,0.4165511604006893,0.7599125444662547,0.5709499666601034,0.7652996527521718,0.4377716904693111,0.4394952850447548,0.7518482003037671,0.4774183164390595,0.6571997475156868,0.7144482531560522,0.663103871282426,0.5059409804460707,0.5573157534389568,0.7183513700520033,0.6411355884687303,0.3867315274561905,0.7221783349658836,0.8339808356182861,0.5926389242748461,0.5754582715038153,0.6953910113615931,0.7165815632774438,0.5684731839525007,0.6673976957883183
NP,0.5628402632420965,0.3595278468248151,0.6614152830124036,0.4818480747881694,0.6537580208085485,0.476760796377687,0.6876459932230452,0.6924475255260227,0.7827811090496973,0.5901713134502752,0.7224005251309392,0.3378467313714492,0.3022628252655761,0.6910925221053925,0.5662590125173355,0.612822267050406,0.8210475211371857,0.3080364804641012,0.5982701304964834,0.5028868890291984,0.48434633920208,0.4572778979782592,0.6231023978807264,0.4217185182889825,0.7025905466218972,0.5195525540915416,0.4108301027254038,0.6817420659914158,0.5404158680262651,0.749890869207262,0.4006302412336911,0.3936633459464567,0.7575841745691972,0.4339981246334501,0.639359530273792,0.5830976384965196,0.6329166167791017,0.5093682310150482,0.558658293856974,0.7444552202641702,0.6126418908978082,0.3328428892534622,0.7440485231072196,0.8147962208657225,0.5058395198690223,0.5710710583316582,0.7052708331235441,0.6934394817119017,0.5864218747059818,0.6487961493918823
PE,0.59108154922918,0.3281001582974263,0.6887428410030002,0.5722299924125887,0.5850186504724239,0.4819187028899856,0.6343873212620109,0.7077228142835628,0.775537842745494,0.5881865047442615,0.6703793534703204,0.3768209495625153,0.3589230354047125,0.7213552010559461,0.6485385213078445,0.6162197809546159,0.7849125927981372,0.4616732507685719,0.5984635119839016,0.5214645514549016,0.5531282803443871,0.5199343361660133,0.5656247474719255,0.5316241413461935,0.6738394756791424,0.5741496021764939,0.4317990066839974,0.7351959623589895,0.4495329013781778,0.7002120756680119,0.3926026614377791,0.420579293555932,0.7630933089652655,0.4750810760078876,0.5715332050062126,0.7005200838499709,0.5979376556916255,0.5502189408153478,0.6183148020447994,0.7586706306662592,0.6505461419824136,0.3717617529936174,0.6930361301213687,0.8424779331682931,0.540872733858936,0.5399299037309845,0.6599106623450247,0.6726843465717158,0.6016768201550249,0.6202964331362105
PH,0.4399131948288271,0.3263341268440231,0.5269584892261125,0.3974516649310589,0.4110362274447957,0.2886186704946433,0.532816883346817,0.5645337280182638,0.3256609287144309,0.4619167201057666,0.5126564643535565,0.2712525648211471,0.2909627529448284,0.5222014824390799,0.2545277469939123,0.4292544702177251,0.6139205047503283,0.2062478242654229,0.5081960692778313,0.3920720086717933,0.4827483451122587,0.3175391211165703,0.4641881721625233,0.414917432050075,0.3715098887370302,0.4834427332652531,0.4342968653393131,0.6708928224904682,0.2575894289843296,0.5087924599341067,0.3198302122785338,0.1182256756463125,0.5321759890189149,0.3292758724253345,0.3847554024095771,0.43803991185108,0.4849745393394966,0.4069443013078738,0.4393325239258591,0.4174473947559845,0.3681529178018365,0.1917802786566021,0.3932381869269346,0.5965392671439186,0.4000428754190394,0.4673578344708297,0.404240440902721,0.5440147185473947,0.3897752948768428,0.5459225906354945
RW,0.475637334854004,0.2738196346965877,0.5652087851515977,0.3386138300037334,0.5198629923187805,0.4678700086523607,0.5295493834248152,0.5460823695116767,0.5271271234165773,0.4913109180157482,0.5085202275551485,0.2615470302436623,0.3157606291888101,0.4722753815898742,0.1194361220627794,0.4465863841622386,0.5299288043009952,0.3386525606323645,0.4932722005420271,0.4347522236382419,0.4603530542731296,0.1144974387051886,0.5150386066032618,0.5642694709131738,0.3274405655153952,0.3629478299054367,0.3250039225300869,0.3927661297189258,0.1805852068537558,0.3926739466827102,0.2913050469002673,0.3166892470675605,0.4685713610322056,0.1890303101447705,0.2865549255378647,0.4304913582518907,0.4785033349907962,0.4851697084874137,0.3924480829504778,0.480780363755078,0.3124828723473752,0.3388177606404241,0.3811104281627415,0.7041183438032733,0.4615548225644288,0.4333841006060634,0.4241869047078059,0.4935252908657553,0.4300930683531334,0.2844803546660904
SL,0.521002818374891,0.3043190946024939,0.6424533616104597,0.5494091717582376,0.6585863893096556,0.5299391648397594,0.6889307708927106,0.6711038522168943,0.7211478583905029,0.6330521973361819,0.6256922830663281,0.3240079230757589,0.4616507664687615,0.6697068119316696,0.6070644890814149,0.5363781390629129,0.7972882912353028,0.3749853512729987,0.5701189271971813,0.439472029954219,0.553832379422075,0.4273746288563969,0.6025406903812314,0.6279180978302811,0.677297633882478,0.5903612897248116,0.4235714034497483,0.7156857632929755,0.5415235769109181,0.7305432464704212,0.4404215398539085,0.39015388580264,0.7441996171293314,0.4002632039231319,0.595105219992391,0.687121954494608,0.615910332377491,0.5530638786469815,0.5733713907806427,0.6548187796653475,0.6346174593379453,0.3542370818039544,0.6415211344142886,0.7875433769478253,0.5536833640935539,0.6580334933611399,0.6914577353793204,0.6872546600047457,0.5725627272470775,0.646789294834632
SN,0.584075184127989,0.3392790934144999,0.7034940510741138,0.5670247931487761,0.6614635630138763,0.5451793974172465,0.6882779938084128,0.7175914670019563,0.803066432114298,0.6189898383424975,0.7291524285339538,0.3517800888365078,0.4851628526524162,0.7272205031421978,0.6246008248128646,0.638458347707295,0.841023411159474,0.4061470785801269,0.5750125538593838,0.5383884398276445,0.5454007183257514,0.5411450438519697,0.5975204102189121,0.5933436202125413,0.6610681658140248,0.6368542691874548,0.3993624437041076,0.7181756693367052,0.6138291619889497,0.7475317216031945,0.4137324100681016,0.4644048267084958,0.756337110626359,0.4206864101963503,0.6196664155469879,0.6412655746375236,0.6479907058702926,0.5102298828757903,0.5743853649683996,0.74632142022415,0.5769388648802287,0.2958174184723177,0.669701625203281,0.8254240786220649,0.5955617600922991,0.6328292105182048,0.719803594177424,0.698735963400615,0.5975449940559119,0.7015086625214334
SZ,0.1680118543642188,0.2495197992557142,0.2525990676127894,0.0420582610452312,0.1353768922156918,0.2807653174557087,0.1691177513495284,0.2284753161123864,0.1002464088239281,0.319176051595902,0.3033198402988371,0.0001343505119025,0.0398347396828467,0.3293855997334679,0.216386531120714,0.1424566881625742,0.5429431751990041,0.1282199783458016,0.2237728271661515,0.151481570329617,0.0575092250985386,0.1689832900744187,0.3511834629105586,0.2973427481834537,0.3676483887199984,0.4110384760658823,0.1670574991551977,0.0577170478760494,0.2054916422461954,0.057310764024546,0.1030906943206464,0.1688739711893271,0.2056263927440858,0.0502883397108619,0.4003296229639841,0.2510436347773394,9.2283681832e-06,0.0262479558765483,0.2884200224148304,0.3573673335998781,0.2779263240294599,0.55655630221368,0.2108930175210862,0.4582842545071827,0.2566873632308865,0.2685024822828098,0.2215385602361693,0.1383338249093167,0.2594039083221018,0.522255855449914
TD,0.4882463175962912,0.2509249640669121,0.6353245611829502,0.546223191014695,0.6441597450112304,0.5094303492079715,0.6448454111215323,0.6779498701057978,0.7791291551121963,0.6006143207581541,0.666662160924627,0.3441530941985453,0.3625497694765335,0.6762655506052885,0.4874829801477031,0.5503315989909723,0.805151503808187,0.4278261479199342,0.5500435026110161,0.508223479826089,0.5139884795619077,0.428393172079854,0.5952448163180939,0.5339597918491749,0.6024248557310394,0.5683983323638492,0.4108058220605101,0.6693254240801682,0.5010961979880915,0.7313786316360937,0.4407565378367517,0.314591489165587,0.7716243084269665,0.3999906482936138,0.5865204426757159,0.6637181756935159,0.6461274609640891,0.5597530016034623,0.53123753265049,0.7658242581893819,0.6053256326123947,0.2698156268920535,0.4043415992705421,0.7508610858985992,0.4942548315900313,0.5107340114957042,0.6909409409534938,0.671604772900396,0.5704989893555522,0.5582760760337527
TG,0.408450943418417,0.3357900101945789,0.6569039014960493,0.3377723429581217,0.6204224276650286,0.4879296770229042,0.5580398528796082,0.6588485314199514,0.5726737650964634,0.5534608162809829,0.5954108860726605,0.2527275528412695,0.1552002100219117,0.5692776602850333,0.5521552277506016,0.5239283002835006,0.8050881527914732,0.2886748094809263,0.5238239720382745,0.5148164427460076,0.346944734966726,0.3815053835399503,0.5149722147271427,0.3716570398338955,0.6761368889574947,0.521976221448279,0.2885923786877636,0.4539471301347366,0.6158059084057185,0.7223959162481455,0.2990374668242164,0.3262542075884973,0.649975257633594,0.3738153186160467,0.6443950050889942,0.522889762778815,0.4630929807860346,0.4411671249868431,0.4465332423588093,0.6909592106831929,0.5768982980832775,0.2571141115806358,0.6009632276271335,0.7020807180218867,0.521443954983546,0.5740936344225149,0.5569110685417142,0.5268544956741326,0.5331834149998192,0.7152553386001209
TJ,0.3967269527700397,0.3184112440746962,0.5907411476576047,0.2773019979119352,0.5766953644755117,0.4161326944907157,0.5132379018243296,0.6384595149819677,0.4832645936399562,0.4505386150594279,0.6283632391756502,0.1587661947360365,0.2269004225840376,0.5548840124771723,0.6425709518933087,0.5081439656122176,0.7819503766205835,0.2644782026203654,0.4252590759098612,0.3172841386917797,0.3236633308242561,0.4236758459853759,0.6303427386070837,0.4441309113541108,0.5971667398614637,0.6240716743391973,0.4131538855352303,0.7138863311098698,0.449935289794037,0.717779791449286,0.2367526393466344,0.3960437447136225,0.7148483598720989,0.3113803273538416,0.4060150338629009,0.3209882622925684,0.5257013834931593,0.3690410875505564,0.4150723743428255,0.5853609230708218,0.5460730112471962,0.2925121233268031,0.4857243018181539,0.7606182795487201,0.5432539745282627,0.546058655714504,0.5716346778820779,0.6320796416084843,0.5166672070986147,0.5841917459423596
TL,0.5122735179693587,0.3062388697333946,0.6670329548494607,0.4952736791867125,0.6225291796912966,0.5471990240525276,0.6333464828455773,0.6549855537334316,0.7797912864282752,0.5663195798575702,0.6271539685779763,0.3460813475806993,0.4974031065974653,0.6841023336216536,0.4966688473094709,0.5340735693855748,0.7659789205523058,0.4731432796730206,0.5852251831934652,0.4813965393829769,0.5430399157007547,0.4333970624129282,0.6223723035724396,0.5432368702233155,0.4992635167789424,0.5604798857088247,0.4488146499710728,0.645504364043615,0.5381992283790499,0.7293498256290352,0.3873239562118768,0.3920000907483599,0.7636655039542862,0.3092836482254062,0.4857120310566839,0.6339361687845247,0.6283401262874481,0.5146340046658046,0.5859013716397998,0.7196946548812733,0.5388330544944938,0.3304053609054943,0.6564590455775976,0.799778948154477,0.5769839060399001,0.3793082975763877,0.6088129977927192,0.6686052257362582,0.5253117741156325,0.6378438564906196
TZ,0.5600393542239279,0.3284003121857355,0.704207065807008,0.5597680006230465,0.6404592154303386,0.5369024555538624,0.6802214247979121,0.6924500599596263,0.8415710132462424,0.6137046524304217,0.7145637329433014,0.3464543341040909,0.2249700994492717,0.7215027920994082,0.5881805841456634,0.6041856696105976,0.834006042150776,0.3717462626878726,0.6029103955099645,0.5513553858009129,0.4776769928822358,0.4620297803922883,0.6317694401931505,0.5385950707954401,0.6671948935054609,0.5737170423344584,0.4091890896481321,0.7499372216096972,0.5450704560097486,0.7388456146843744,0.4241730785262294,0.437911725024914,0.7876682768371741,0.4189076587212153,0.6608531933916468,0.7007840698621799,0.6048143929665745,0.554420002928011,0.5899851791711044,0.7822807945545388,0.6437885090981325,0.3352674053269921,0.7322154797592536,0.7640536602761882,0.5583496133125972,0.5918531383187993,0.7067560784463126,0.715190804379347,0.5861587048541282,0.6349389544235103
UG,0.5614817130136238,0.3046488485479189,0.6642352750470822,0.5589245850430778,0.6306486939459985,0.5087562647529114,0.6713219119325166,0.6609395249617056,0.7787761922532757,0.5584587107067944,0.6920301397033372,0.274562712407749,0.152807710254676,0.7082696885675405,0.5500034091801579,0.559779852240043,0.7912065955776478,0.3861171241826709,0.6081065511271455,0.5233060969207687,0.4979223207864774,0.4275144157884621,0.5491277165424616,0.5384396513211165,0.6895519854233433,0.5011606895548377,0.3865628368640187,0.6505195661018426,0.3840776839470018,0.6879695068417325,0.397311920599236,0.4364491991121128,0.7242728621096323,0.3688921607091046,0.6302704500157086,0.6223427766823949,0.5255915781880676,0.5376591247459115,0.5926818444412517,0.6385775707030177,0.5410282600419376,0.3288883110623521,0.6769280557210622,0.7828630699246388,0.554805833394263,0.5621551025003568,0.6957482111548887,0.4828186615064212,0.542997718839697,0.6484616075471131
ZM,0.5259507989129779,0.3239670212746821,0.7236167410919732,0.5282213026916448,0.6210333741302744,0.5266642462145179,0.7002016929324616,0.64094790869544,0.7951948631287539,0.5864925985019986,0.708826734081036,0.3717830816603185,0.3485507130365151,0.6848703961273809,0.5241265078148725,0.57008232693135,0.7906256399795286,0.4023365175407687,0.6113649298072676,0.5254666040110456,0.5697517139925421,0.4669094676113603,0.5980338083363483,0.5694047781526025,0.6855179777380322,0.5851323401728099,0.4488893916611075,0.727354372661886,0.4981571702962538,0.7311237483244526,0.4319825686125034,0.3662227653539153,0.8039570858194485,0.4621051176575618,0.6585673462059004,0.6431722527543053,0.616095798590522,0.5620803402188782,0.6009872661898029,0.7486789420962583,0.6673418553186596,0.3326370742156706,0.7353735044238912,0.7673839915617732,0.5032814242337861,0.6136572644270287,0.7093443781745732,0.6949154182435522,0.5267735999604019,0.5671614648984014
ZW,0.3850573039596101,0.234675704017611,0.5466743750483083,0.1061818197891333,0.4419195699868178,0.3704506319130722,0.3872377845918666,0.6172040281228691,0.5280535613156486,0.4005495359838438,0.6052886034691397,0.1360691002978817,0.0194918395306165,0.5826413677759881,0.6637311660739303,0.3817091333753462,0.6598374512917656,0.1383960079015824,0.3829855721639347,0.3692094036599641,0.2908559725025008,0.3408969982535933,0.3543492061287679,0.2480341067939889,0.5179834120605677,0.4987678880105319,0.3130935907479715,0.502251493704063,0.6003032127736638,0.6443138195561185,0.2708537718983035,0.3675350068203762,0.5283628204836582,0.3821053835324249,0.5446547848701555,0.3631610501930602,0.3329396555732189,0.2434470651775966,0.2480038360437735,0.5082362974588354,0.4541545795949539,0.458367169245222,0.5165523189516826,0.6228366553421144,0.5011169960726947,0.4443411773279483,0.4904349587418695,0.5419982493689909,0.4884606759126359,0.8528349203547637
